PDB_ID,Assigned_RNA_chain,Ligand_tag,RNA_length,RNA_count_A,RNA_count_C,RNA_count_G,RNA_count_U,RNA_GC_percent,RNA_MFE_kcal_mol,RNA_SASA_total_A2,RNA_Rg_A,RNA_asphericity,RNA_acylindricity,RNA_kappa2,RNA_pocket_res_count,RNA_pocket_atom_count,RNA_pocket_depth_mean_A,RNA_pocket_depth_max_A,Ligand_chain,Ligand_resname,Ligand_resseq,Ligand_SMILES,Ligand_MW_Da,Ligand_LogP,Ligand_TPSA_A2,Ligand_HBD,Ligand_HBA,Ligand_RotBonds,Ligand_AromaticRings,Ligand_ChiralCenters,Ligand_AtomCount_total,Ligand_AtomCount_heavy,Ligand_Rg_A,Ligand_PMI1,Ligand_PMI2,Ligand_PMI3,Ligand_Asphericity,Ligand_Charge_mean,Ligand_Charge_std,Ligand_Charge_min,Ligand_Charge_max,Ligand_SASA_total_A2,Ligand_SASA_polar_A2,Ligand_SASA_nonpolar_A2,Ligand_MMFF94_Energy_kcal_mol,Ligand_File,Ligand_HTML,Complex_contacts_le_4A,Complex_contacts_mean_A,Complex_contacts_std_A,Complex_vdw_count,Complex_vdw_mean_A,Complex_vdw_std_A,Complex_hbond_count,Complex_hydrophobic_count,Complex_electrostatic_count,Complex_BSA_A2,Complex_pocket_COM_to_ligand_COM_A,Complex_n_contact_residues,Complex_contact_residue_ids,Complex_n_binding_sites,Experimental_binding_affinity (kcal/mol)
1AKX_model1_cleaned.pdb,A,ARG_A47,30,4,9,11,6,66.67,-16.79999924,5576.56,15.58,163.55,3.36,0.45,0,0,0.51,2.64,A,ARG,47,O=C(O)C(N)CCCN\C(=[NH2+])N,175.12,-1.85,389.52,5,4,12,0,1,27,26,3.7452,600.352,12745.23,2085.63,8.917645,2.12E-18,0.15988,-0.3122,0.225635,1138.77,571.325,488.5362,150.23,ARG_A47_ligand.pdb,ARG_A47_ligand.html,54,3.78,0.3567,481,4.98625,0.4196,5,42,102,529.6374,4.08652,5,A:13 ;A:14 ;A:15 ;A:16 ;A:17 ;A:18 ;A:19 ;A:20 ;B:26 ;B:27 ;B:28 ;B:29 ;B:30 ,5,-9.67
1DDY_cleaned.pdb,A,B12_A101,35,10,11,10,4,60,-6.199999809,6231.93,15.34,133.03,12.56,0.32,8,171,0.41,2.47,A,B12,101,CC1CC2C(CC1C)N1CN2[C@H]2O[C@H](CO)[C@@H](O[PH](O)(O)O[C@H](C)CNC(O)CC[C@@]3(C)[C@@H]4C(C)[C@H]5[C@@H](CCC(N)O)C(C)(C)[C@@H]6CC7[C@@H](CCC(N)O)[C@](C)(CC(N)O)[C@@H]8[C@H](C)[C@H]9[C@@H](CCC(N)O)[C@](C)(CC(N)O)[C@]%10(C)[C@@H]([C@@H]3CC(N)O)N4[Co@OH20]1(N78)(N65)N9%10)[C@H]2O,1362.63,-1.4,437.81,18,27,44,0,35,212,91,5.710725009,20919.87139,31258.45684,36699.14774,9.766291319,3.22E-18,0.12555,-0.2987,0.257412,1239.75356,630.1791056,609.5744546,148.6375,B12_A101_ligand.pdb,B12_A101_ligand.html,70,3.67,0.245245076,575,5.201939855,0.515315813,8,35,0,759.8920494,6.055895862,7,A:13 ;A:14 ;A:16 ;A:17 ;A:29 ;A:30 ;A:31 ,4,-7.62
1EHT_model1_cleaned.pdb,A,TEP_A34,33,7,11,11,4,66.67,-10.3,5553.64,15.25,131.8,21.53,0.33,8,252,0.8,3.21,A,TEP,34,CN1C(O)C2NCNC2N(C)C1O,188.23,-2.7,71,4,6,4,0,4,29,13,2.323413287,444.7584773,581.5168811,1005.960371,2.165928952,1.91E-17,0.16476534,-0.376484108,0.213720629,201.6770488,56.22276331,145.4542855,149.0909874,TEP_A34_ligand.pdb,TEP_A34_ligand.html,318,4.14,0.545651085,448,5.114375979,0.575412873,11,62,0,267.2211139,1.533487699,8,A:6 ;A:7 ;A:8 ;A:22 ;A:23 ;A:24 ;A:26 ;A:28 ,5,-8.86
1EVV_cleaned.pdb,A,SPM_A501,62,17,15,18,12,53.23,-17.9,12652.26,22.29,273.56,92.17,0.33,6,131,0.32,2.29,A,SPM,501,NCCCNCCCCNCCCN,202.35,-0.36,76.1,4,4,13,0,0,40,14,3.627538799,692.7002384,2042.297496,2590.359566,8.029043497,-2.78E-18,0.115996391,-0.330424745,0.122190761,196.9353298,63.59338371,133.3419461,34.55289533,SPM_A501_ligand.pdb,SPM_A501_ligand.html,44,4.35,0.440273279,121,5.273396449,0.529692753,1,3,0,53.95764056,2.816561559,6,A:51 ;A:52 ;A:53 ;A:57 ;A:61 ;A:62 ,3,-7.91
1F27_cleaned.pdb,A,BTN_A33,19,5,5,6,3,57.9,-4.3,3863.5,11.68,61.7,8.26,0.21,5,105,0.4,2.26,A,BTN,33,OC(O)CCCC[C@@H]1SC[C@@H]2N[C@H](O)N[C@@H]21,248.35,-0.82,84.75,5,6,8,0,4,36,16,3.565480672,445.6328889,2870.210507,2998.480213,9.924932608,5.78E-19,0.1527953,-0.368209655,0.213702271,200.5054406,78.38407493,122.1213657,90.32249012,BTN_A33_ligand.pdb,BTN_A33_ligand.html,233,4.37,0.451012435,483,5.148810322,0.542870382,4,29,0,184.5960499,1.654113241,8,A:6 ;A:7 ;A:8 ;A:16 ;A:17 ;B:25 ;B:26 ;B:27 ,5,-8.18
1FMN_model1_cleaned.pdb,A,FMN_A36,35,8,8,13,6,60,-14.6,5989.06,16.32,191.68,10.27,0.52,8,266,0.66,3.28,A,FMN,36,CC1CC2NC3C(O)NC(O)NC3N(C[C@@H](O)[C@@H](O)[C@@H](O)CO[PH](O)(O)O)C2CC1C,472.48,-4.34,210.4,11,13,17,0,11,68,31,4.582898412,2552.560061,7685.258828,9608.968141,11.66404436,4.81E-20,0.112385,-0.304125,0.22745,471.8220397,151.8573631,319.9646766,89.62745,FMN_A36_ligand.pdb,FMN_A36_ligand.html,463,4.2,0.49359982,646,5.044525312,0.578039947,12,98,67,482.0007305,2.093736125,8,A:9 ;A:10 ;A:12 ;A:24 ;A:25 ;A:26 ;A:27 ;A:28 ,5,-8.59
1FYP_model1_cleaned.pdb,A,PAR_A28,27,3,9,10,5,70.37,-11.9,4834.03,12.67,83.23,9.92,0.27,18,583,0.69,2.69,A,PAR,28,NC[C@@H]1O[C@H](O[C@H]2[C@@H](O)[C@H](O[C@@H]3[C@@H](O)[C@H](N)C[C@H](N)[C@H]3O[C@H]3O[C@H](CO)[C@@H](O)[C@H](O)[C@H]3N)O[C@@H]2CO)[C@H](N)[C@@H](O)[C@@H]1O,615.63,-8.86,347.32,13,19,22,0,19,87,42,5.381615121,3930.964156,14581.68557,17147.06482,19.98463724,6.38E-18,0.19524038,-0.393566529,0.210849173,759.8971767,159.5758223,600.3213544,417.6311014,PAR_A28_ligand.pdb,PAR_A28_ligand.html,423,4.26,0.560358612,898,5.230376432,0.530085571,26,28,139,781.1075186,1.995757698,18,A:1 ;A:2 ;A:3 ;A:4 ;A:5 ;A:6 ;A:7 ;A:8 ;A:9 ;A:16 ;A:17 ;A:18 ;A:19 ;A:20 ;A:21 ;A:22 ;A:23 ;A:24 ,2,-7.64
1I95_cleaned.pdb,A,EDE_A2001,1514,311,426,545,232,64.14,-732.5,211042.48,64.98,2233.32,597.71,0.29,11,238,0.37,3.24,A,EDE,2001,NC[C@H](NC(O)[C@@H](O)CN[C@H](O)C[C@H](N)C1CCC(O)CC1)[C@H](O)N[C@H](CCC[C@H](N)[C@H](O)C[C@H](O)NC[C@@H](O)NCCCNCCCCC(N)N)C(O)O,802.07,-7.2,404.58,21,21,49,0,11,134,55,6.572641323,16577.90574,21326.19075,31394.39144,13.38880376,0,0.159626534,-0.393130995,0.213417179,674.9037732,331.3628155,343.5409577,738.4511488,EDE_A2001_ligand.pdb,EDE_A2001_ligand.html,433,4.21,0.636673431,771,5.189224563,0.549445063,22,53,0,410.7016096,2.68327489,11,A:772 ;A:773 ;A:774 ;A:775 ;A:776 ;A:903 ;A:1474 ;A:1475 ;A:1476 ;A:1482 ;A:1483 ,7,-6.95
1J7T_cleaned.pdb,A,PAR_A45,21,4,7,7,3,66.67,-4.6,5142.7,17.87,210.73,15.61,0.44,8,173,0.2,1.43,A,PAR,45,NC[C@@H]1O[C@H](O[C@H]2[C@@H](O)[C@H](O[C@@H]3[C@@H](O)[C@H](N)C[C@H](N)[C@H]3O[C@H]3O[C@H](CO)[C@@H](O)[C@H](O)[C@H]3N)O[C@@H]2CO)[C@H](N)[C@@H](O)[C@@H]1O,615.63,-8.86,347.32,13,19,22,0,19,87,42,5.041617089,4374.948385,12242.52495,14678.7771,15.08490129,6.38E-18,0.19524038,-0.393566529,0.210849173,511.0503252,312.1720372,198.878288,443.6664825,PAR_A45_ligand.pdb,PAR_A45_ligand.html,322,4.28,0.525595918,606,5.171420348,0.564982448,13,32,0,335.7572064,2.314565047,13,A:13 ;A:14 ;A:15 ;A:16 ;A:17 ;A:18 ;A:19 ;A:20 ;B:26 ;B:27 ;B:28 ;B:29 ;B:30 ,4,-7.71
1J8G_cleaned.pdb,B,SPM_A62,6,0,0,4,2,66.67,0,1617.31,9.01,65.59,4.74,0.66,3,69,0.41,1.45,A,SPM,62,NCCCNCCCCNCCCN,202.35,-0.36,76.1,4,4,13,0,0,40,14,4.707389819,198.8204663,4332.549237,4436.410322,20.72072819,-2.78E-18,0.115996391,-0.330424745,0.122190761,198.0725967,59.45858412,138.6140126,10.77015298,SPM_A62_ligand.pdb,SPM_A62_ligand.html,132,4.28,0.563414182,261,5.143538192,0.513225254,5,10,0,158.0142055,2.81464724,7,A:2 ;A:3 ;B:13 ;B:14 ;B:15 ;C:22 ;C:23 ,2,-9.09
1K73_cleaned.pdb,A,ANM_A9000,2754,716,690,844,504,55.7,-1093.3,362516.91,64.27,515.89,643.9,0.03,12,257,0.45,3.55,A,ANM,9000,COC1CCC(C[C@H]2NC[C@H](O)[C@H]2OC(C)O)CC1,273.37,0.64,70.95,3,5,9,0,4,46,19,3.614109948,792.7411881,3012.807901,3335.932739,8.949256802,-3.62E-18,0.136459209,-0.38902166,0.213349298,227.2591383,72.89530041,154.3638379,290.912312,ANM_A9000_ligand.pdb,ANM_A9000_ligand.html,264,4.32,0.460759163,546,5.160706433,0.555610211,6,43,0,239.2727212,1.403131038,12,A:2102 ;A:2103 ;A:2482 ;A:2486 ;A:2487 ;A:2488 ;A:2535 ;A:2538 ;A:2539 ;A:2540 ;A:2541 ;A:2620 ,7,-9.54
1K9M_cleaned.pdb,A,TYK_A9000,2754,716,690,844,504,55.7,-1093.3,362427.7,64.25,515.28,643.7,0.03,13,284,0.37,2.67,A,TYK,9000,CC[C@H]1OC(O)C[C@@H](O)[C@H](C)[C@@H](O[C@@H]2O[C@H](C)[C@@H](O[C@H]3C[C@@](C)(O)[C@@H](O)[C@H](C)O3)[C@H](N(C)C)[C@H]2O)[C@@H](CCO)C[C@@H](C)C(O)CC[C@@H](C)C[C@@H]1CO[C@@H]1O[C@H](C)[C@@H](O)[C@@H](OC)[C@H]1OC,926.19,1.51,248.15,8,18,33,0,24,151,64,7.608522687,6180.234487,49822.79949,51230.7672,46.28046636,1.18E-17,0.14616032,-0.396363967,0.2133631,794.099042,261.3262001,532.7728419,758.3149597,TYK_A9000_ligand.pdb,TYK_A9000_ligand.html,416,4.3,0.549241629,902,5.203128711,0.542458996,11,69,0,466.934316,1.482257967,13,A:839 ;A:841 ;A:843 ;A:844 ;A:845 ;A:2099 ;A:2100 ;A:2102 ;A:2103 ;A:2538 ;A:2540 ;A:2645 ;A:2646 ,10,-13.67
1KD1_cleaned.pdb,A,SPR_A9001,2754,716,690,844,504,55.7,-1093.3,362039.96,64.24,516.43,643.9,0.03,9,198,0.39,2.63,A,SPR,9001,CO[C@@H]1[C@@H](O[C@@H]2O[C@H](C)[C@@H](O[C@H]3C[C@@](C)(O)[C@@H](O)[C@H](C)O3)[C@H](N3CC3)[C@H]2O)[C@@H](CCO)C[C@@H](C)[C@@H](O[C@H]2CC[C@H](N(C)C)[C@@H](C)O2)CCCCC[C@@H](C)OC(O)C[C@H]1O,849.11,2.11,201.47,6,16,26,0,20,139,59,6.551167049,10483.19963,28261.74328,34139.16342,24.52942671,3.19E-18,0.139848277,-0.396363954,0.213363112,721.5923397,216.7170086,504.8753312,748.5987385,SPR_A9001_ligand.pdb,SPR_A9001_ligand.html,292,4.31,0.576856402,684,5.220362879,0.534645993,6,49,0,341.0202223,3.446566118,9,A:839 ;A:2099 ;A:2100 ;A:2102 ;A:2103 ;A:2538 ;A:2540 ;A:2541 ;A:2646 ,7,-10.83
1KOD_model1_cleaned.pdb,B,CIR_B1,14,2,3,5,4,57.14,0,3119.66,11.26,54.76,21.47,0.21,5,111,0.23,2.38,B,CIR,1,NC(O)NCCC[C@H](N)C(O)O,179.22,-2.77,124.76,6,6,11,0,2,29,12,2.735538499,286.2644517,1124.063793,1271.939526,4.88859516,-8.61E-18,0.182714556,-0.366787024,0.213693269,158.2083554,101.0709719,57.13738359,19.5324204,CIR_B1_ligand.pdb,CIR_B1_ligand.html,185,4.15,0.605378294,329,5.247846044,0.554785238,14,30,0,141.6472242,2.876298726,9,A:9 ;A:12 ;A:13 ;A:14 ;B:29 ;B:30 ;B:31 ;B:33 ;B:35 ,4,-8.69
1LC4_cleaned.pdb,A,TOY_A47,21,4,7,7,3,66.67,-4.6,5172.86,17.97,215.07,15.09,0.45,7,153,0.16,1.43,A,TOY,47,NC[C@H]1O[C@H](O[C@H]2[C@H](O)[C@@H](O[C@H]3O[C@H](CO)[C@@H](O)[C@H](N)[C@H]3O)[C@H](N)C[C@@H]2N)[C@H](N)C[C@@H]1O,467.52,-6.3,268.17,10,14,16,0,14,69,32,4.553642392,2128.579625,8065.481751,9194.609249,14.24759372,3.22E-18,0.185073021,-0.393567282,0.210794901,391.72614,233.7444371,157.9817028,291.6775763,TOY_A47_ligand.pdb,TOY_A47_ligand.html,329,4.3,0.513762411,630,5.170600476,0.561793435,13,39,0,334.3359919,0.947898422,13,A:16 ;A:17 ;A:18 ;A:19 ;A:20 ;A:21 ;A:22 ;B:27 ;B:28 ;B:29 ;B:30 ;B:31 ;B:32 ,4,-7.11
1LVJ_model1_cleaned.pdb,A,PMZ_A47,31,4,10,11,6,67.74,-16.4,6185.16,17.77,229.54,6.16,0.53,9,283,0.57,2.26,A,PMZ,47,C[C@@H](O)C1CCC2SC3CCCCC3N(CCCN(C)C)C2C1,340.58,3.22,26.71,1,4,9,0,6,59,23,3.544383505,2030.552186,2476.932462,4049.61767,4.209037802,2.82E-18,0.089200795,-0.393129305,0.210445034,394.2327777,26.6479095,367.5848682,711.696106,PMZ_A47_ligand.pdb,PMZ_A47_ligand.html,516,4.12,0.636771544,756,5.1188008,0.559272082,6,138,0,448.683271,1.359782552,9,A:22 ;A:23 ;A:24 ;A:25 ;A:26 ;A:27 ;A:39 ;A:40 ;A:41 ,5,-7.63
1MWL_cleaned.pdb,B,GET_A46,21,4,7,7,3,66.67,-4.6,5163.6,17.8,204.14,21.5,0.42,6,130,0.16,1.43,A,GET,46,CN[C@@H]1[C@@H](O)[C@@H](O[C@@H]2[C@@H](O)[C@H](O[C@H]3O[C@H]([C@@H](C)O)[C@@H](O)[C@H](O)[C@H]3N)[C@@H](N)C[C@H]2N)OC[C@]1(C)O,496.56,-5.61,248.39,10,14,18,0,15,74,34,4.725682479,2197.812979,9590.803917,10389.724,16.22041304,-1.88E-18,0.180968643,-0.390604371,0.211045798,416.1707051,226.1169752,190.0537299,344.0833704,GET_A46_ligand.pdb,GET_A46_ligand.html,373,4.27,0.551651087,687,5.136827921,0.558922749,15,42,0,389.8461912,0.770688973,12,A:3 ;A:4 ;A:5 ;A:6 ;A:7 ;A:8 ;B:37 ;B:38 ;B:39 ;B:40 ;B:41 ;B:42 ,4,-8.95
1NEM_model1_cleaned.pdb,A,BDG_A27,23,5,4,9,5,56.52,-11.1,4458.73,12.19,68.58,8.39,0.22,12,391,0.73,2.98,A,BDG,27,[NH3+]C[C@H]1OC[C@H]([NH3+])[C@@H](O)[C@@H]1O,164.21,-4.04,104.97,4,3,5,0,4,27,11,2.390567437,298.5602333,666.0277579,912.2136384,4.044103897,0.074074074,0.233428834,-0.387194886,0.344386629,235.3606534,27.62317706,207.7374763,160.7680967,BDG_A27_ligand.pdb,BDG_A27_ligand.html,131,4.18,0.577076864,250,5.160754444,0.544656892,11,11,120,238.9356899,0.664336678,12,A:8 ;A:9 ;A:10 ;A:11 ;A:12 ;A:13 ;A:15 ;A:16 ;A:17 ;A:18 ;A:19 ;A:20 ,4,-9.18
1NTB_cleaned.pdb,A,SRY_A25,22,3,6,6,7,54.55,-0.4,4811.54,13.69,60.77,29.34,0.12,8,167,0.32,2.76,A,SRY,25,CN[C@@H]1[C@H](O[C@H]2[C@H](O[C@H]3[C@H](O)[C@@H](O)[C@H](NC(N)N)[C@@H](O)[C@@H]3NC(N)N)O[C@@H](C)[C@]2(O)CO)O[C@@H](CO)[C@H](O)[C@H]1O,587.63,-9.33,338.93,15,19,25,0,15,85,40,4.493734403,3834.425194,9043.132353,10855.14947,11.33579275,-5.55E-18,0.192923023,-0.393566529,0.211253899,467.6565001,295.2714404,172.3850597,151.9420998,SRY_A25_ligand.pdb,SRY_A25_ligand.html,321,4.23,0.553016572,674,5.196046339,0.5523302,29,22,0,346.2758959,3.988207966,14,A:8 ;A:11 ;A:12 ;A:14 ;A:15 ;A:16 ;A:17 ;A:18 ;B:107 ;B:108 ;B:109 ;B:110 ;B:111 ;B:112 ,6,-9.12
1O15_cleaned.pdb,A,TEP_A34,33,7,11,11,4,66.67,-10.3,6104.6,15.09,131.5,16.22,0.34,8,252,0.59,2.89,A,TEP,34,CN1C(O)C2NCNC2N(C)C1O,188.23,-2.7,71,4,6,4,0,4,29,13,2.317276048,438.5200306,583.5472666,999.4464098,2.366150378,1.91E-17,0.16476534,-0.376484108,0.213720629,200.9274654,55.65209332,145.2753721,159.3292369,TEP_A34_ligand.pdb,TEP_A34_ligand.html,211,4.46,0.383189968,411,5.071605787,0.536787208,3,23,0,205.2947367,2.014000525,8,A:6 ;A:7 ;A:8 ;A:22 ;A:23 ;A:24 ;A:26 ;A:28 ,7,-11.36
1OLN_model1_cleaned.pdb,C,BB9_B6,58,16,13,16,13,50,-18.7,8273.99,16.06,113.02,40.65,0.21,2,44,0.19,1.44,B,BB9,6,N[C@H](CO)CS,107.18,-0.76,46.25,3,3,5,0,1,15,6,1.883124697,78.36573436,309.9429752,371.8316686,1.473778646,-7.40E-18,0.161865592,-0.394732137,0.21011856,85.85128227,35.31147679,50.53980547,133.3242773,BB9_B6_ligand.pdb,BB9_B6_ligand.html,65,4.13,0.504291349,72,4.897866064,0.562348168,0,13,0,63.926976,3.053636851,2,C:1067 ;C:1095 ,2,-12.12
1P9X_cleaned.pdb,0,TEL_02881,2738,705,653,864,516,55.41,-1035.5,388312.53,64.79,498.82,506.82,0.03,14,297,0.29,3.06,0,TEL,2881,CC[C@H]1OC(O)[C@@H](C)C(O)[C@H](C)[C@@H](O[C@@H]2O[C@H](C)C[C@H](N(C)C)[C@H]2O)[C@](C)(OC)C[C@@H](C)C(O)[C@H](C)[C@H]2N(CCCCN3CNC(C4CCCNC4)C3)C(O)O[C@]12C,830.16,1.73,181.08,7,15,27,0,19,141,58,7.679339155,7620.627268,42908.19915,47384.21536,48.16190947,-6.30E-18,0.12927312,-0.392508111,0.216628556,711.4071031,195.3777812,516.0293219,691.7672107,TEL_02881_ligand.pdb,TEL_02881_ligand.html,245,4.4,0.473259064,566,5.218262958,0.543583407,1,40,3,208.7612969,2.934473878,14,0:759 ;0:760 ;0:764 ;0:802 ;0:803 ;0:2040 ;0:2041 ;0:2042 ;0:2045 ;0:2482 ;0:2483 ;0:2484 ;0:2589 ;0:2590 ,12,-9.13
1PBR_model1_cleaned.pdb,A,CYY_A102,27,4,9,9,5,66.67,-11.1,5443.11,13.7,81.86,17.11,0.2,9,289,0.64,2.43,A,CYY,102,N[C@@H]1C[C@H](N)[C@@H](O)[C@H](O)[C@H]1O,162.19,-2.87,112.73,5,5,5,0,5,25,11,2.32628692,379.5225333,526.3147025,849.5702631,2.076906974,-2.22E-18,0.190419016,-0.388696464,0.210718562,219.5143057,54.01668068,165.497625,92.13553946,CYY_A102_ligand.pdb,CYY_A102_ligand.html,60,4.37,0.474493139,143,5.223686438,0.556803097,3,2,14,144.7153624,2.998649402,9,A:4 ;A:5 ;A:6 ;A:7 ;A:20 ;A:21 ;A:22 ;A:23 ;A:24 ,3,-8.31
1Q8N_model1_cleaned.pdb,A,MGR_A39,38,10,10,13,5,60.53,-15.5,6648.22,15.54,147.12,13.02,0.37,13,425,0.59,3.09,A,MGR,39,CN(C)C1CCC(C(C2CCCCC2)C2CCC(N(C)C)CC2)CC1,348.62,5.42,6.48,0,2,9,0,0,69,25,4.338354735,2397.380042,4327.553337,6398.007398,9.314343102,-3.52E-19,0.062416092,-0.306450783,0.046692039,447.4810547,7.805395917,439.6756587,1029.710056,MGR_A39_ligand.pdb,MGR_A39_ligand.html,608,4.19,0.545625085,884,5.054212397,0.566599588,4,194,0,573.87024,0.807191948,13,A:6 ;A:7 ;A:8 ;A:9 ;A:23 ;A:24 ;A:25 ;A:27 ;A:28 ;A:29 ;A:30 ;A:31 ;A:33 ,8,-8.13
1QD3_model1_cleaned.pdb,A,CYY_A47,29,4,8,10,7,62.07,-13.1,5424.33,13.03,58.48,30.44,0.14,7,225,0.64,2.46,A,CYY,47,N[C@H]1C[C@@H](N)[C@H](O)[C@@H](O)C1,146.19,-1.84,92.5,4,4,4,0,4,24,10,2.225988328,322.6627969,427.4445307,698.6425995,1.532806648,-2.31E-18,0.170262578,-0.390308651,0.210662148,205.1507384,34.58101008,170.5697283,67.46355535,CYY_A47_ligand.pdb,CYY_A47_ligand.html,152,4.26,0.571126141,246,5.153979548,0.526246029,10,14,10,210.6496105,2.303014338,7,A:20 ;A:21 ;A:22 ;A:23 ;A:41 ;A:42 ;A:43 ,4,-8.12
1RAW_model1_cleaned.pdb,A,AMP_A37,36,7,10,14,5,66.67,-12.5,6086.3,15.38,145.78,12.3,0.38,12,398,0.8,3.11,A,AMP,37,N[C@H]1NCNC2C1NCN2[C@@H]1O[C@H](CO[PH](O)(O)O)[C@@H](O)[C@H]1O,357.3,-5.17,184.96,9,12,10,0,7,47,23,3.780029512,1224.574643,4095.460196,4890.729545,8.758854905,-1.96E-11,0.186745,-0.4012,0.19857,343.0347406,129.5185487,213.5161919,97.02351,AMP_A37_ligand.pdb,AMP_A37_ligand.html,465,4.1,0.653107875,712,5.131731517,0.55977018,27,72,0,337.0632532,1.886895117,12,A:7 ;A:8 ;A:9 ;A:10 ;A:11 ;A:12 ;A:16 ;A:17 ;A:18 ;A:19 ;A:29 ;A:30 ,3,-6.82
1TN2_cleaned.pdb,A,SPM_A77,62,17,15,18,12,53.23,-17.9,12783.48,22.68,280.14,98.21,0.32,8,177,0.37,2.89,A,SPM,77,NCCCNCCCCNCCCN,202.35,-0.36,76.1,4,4,13,0,0,40,14,4.562576973,370.845103,3916.780474,4136.891749,18.29555074,-2.78E-18,0.115996391,-0.330424745,0.122190761,196.1751203,63.48181374,132.6933065,15.99460467,SPM_A77_ligand.pdb,SPM_A77_ligand.html,215,4.27,0.582293447,362,5.149883374,0.560284445,5,31,0,201.9579117,3.149801926,8,A:9 ;A:21 ;A:22 ;A:23 ;A:24 ;A:25 ;A:44 ;A:45 ,4,-12.48
1TOB_model1_cleaned.pdb,A,TOB_A29,27,5,8,8,6,59.26,-15.1,4747.72,13.65,113.18,8.73,0.37,10,316,0.67,2.72,A,TOB,29,[NH3+][C@H]1C[C@@H]([NH3+])[C@H](O)[C@@H](O)C1,148.21,-3.28,95.74,4,2,4,0,4,26,10,2.243789558,320.186381,448.0325048,724.0944734,1.987163086,0.076923077,0.222033043,-0.389927036,0.344321152,213.1553395,25.48993697,187.6654025,127.2221791,TOB_A29_ligand.pdb,TOB_A29_ligand.html,85,4.33,0.521969212,188,5.250611952,0.521722408,5,11,103,179.9934344,2.11975368,10,A:7 ;A:8 ;A:9 ;A:10 ;A:11 ;A:12 ;A:15 ;A:16 ;A:17 ;A:18 ,4,-10.98
1UTS_model1_cleaned.pdb,B,P13_B1046,29,4,9,10,6,65.52,-13.1,5925.19,15.96,166.69,18.98,0.43,6,192,0.53,2.4,B,P13,1046,[NH3+]CCCOC1CCC(C2CCC3NCCC3C2)CC1C[NH2+]CC[NH+]1CC[NH2+]CC1,425.71,-2.78,86.56,5,2,11,0,6,81,30,5.177183265,2328.69029,9577.196639,10914.7018,18.42775816,0.049382716,0.148688064,-0.377466534,0.34814514,570.0605764,12.46372126,557.5968552,1151.74726,P13_B1046_ligand.pdb,P13_B1046_ligand.html,264,4.14,0.569216267,405,5.133289052,0.544641414,4,68,59,336.1707003,5.892590573,6,B:21 ;B:22 ;B:23 ;B:26 ;B:39 ;B:40 ,4,-7.93
1UUD_model1_cleaned.pdb,B,P14_B1046,29,4,9,10,6,65.52,-13.1,5710.29,14.79,123.16,14.08,0.32,13,414,0.67,2.51,B,P14,1046,COC1CCC(OCCNC(N)N)C(C[NH2+]CCCCNC(N)N)C1,362.54,-2.89,163.21,7,8,19,0,3,65,25,4.551252409,2248.82488,5429.138469,7341.394454,11.22663145,0.015384615,0.149634185,-0.381442076,0.345816623,483.0065384,41.12327631,441.8832621,83.53004763,P14_B1046_ligand.pdb,P14_B1046_ligand.html,253,4.23,0.62444478,446,5.177600714,0.523199129,12,28,23,376.460743,2.085870033,13,B:22 ;B:23 ;B:25 ;B:26 ;B:27 ;B:28 ;B:29 ;B:35 ;B:36 ;B:37 ;B:38 ;B:39 ;B:40 ,4,-4.97
1Y27_cleaned.pdb,X,GUN_X101,66,17,15,17,17,48.49,-16.2,10927.77,19.04,203.57,46.84,0.33,9,186,0.52,2.37,X,GUN,101,NC1NC(O)C2NCNC2N1,159.19,-3.42,94.37,6,6,2,0,4,24,11,2.174022226,285.9968379,477.6000107,741.2140304,2.614212256,4.63E-18,0.177415133,-0.376738335,0.212314985,119.3957996,84.05525549,35.34054414,-8.101757224,GUN_X101_ligand.pdb,GUN_X101_ligand.html,277,4.17,0.551888859,406,5.12784988,0.560602866,19,32,0,170.307253,0.45924425,9,X:21 ;X:22 ;X:47 ;X:50 ;X:51 ;X:52 ;X:73 ;X:74 ;X:75 ,4,-6.82
1YKV_cleaned.pdb,B,DAI_A100,38,6,12,14,6,68.42,-10.7,7051.64,17.98,177.59,48.19,0.32,6,125,0.4,2.8,A,DAI,100,CCCCCN1C(O)[C@H]2[C@H]3[C@H]4CCCC[C@H]4[C@](CO)([C@H]4CCCC[C@@H]34)[C@H]2C1O,391.6,3.6,63.93,3,4,9,0,10,69,28,3.694083825,1501.221246,4539.056604,4647.360133,9.744346126,1.91E-18,0.10450048,-0.395762232,0.212254153,297.9591677,58.65191774,239.3072499,487.3350936,DAI_A100_ligand.pdb,DAI_A100_ligand.html,406,4.3,0.463329906,684,5.103646957,0.577716806,3,110,0,311.017393,1.196202419,9,A:102 ;A:103 ;B:212 ;B:213 ;B:214 ;B:231 ;B:232 ;B:234 ;D:212 ,7,-7.86
1YRJ_cleaned.pdb,A,AM2_A151,23,4,7,7,5,60.87,-4.6,5628.38,18.83,242.87,19.9,0.47,6,130,0.16,1.43,A,AM2,151,CN[C@@H]1[C@@H](O[C@H]2O[C@H](CO)[C@@H](N)[C@H](O)[C@H]2O)O[C@H]2C[C@@H](N)[C@@H](O[C@H]3[C@H](O)[C@@H](O)[C@H](N)C[C@@H]3N)O[C@@H]2[C@@H]1O,539.58,-6.95,283.64,11,16,17,0,17,78,37,5.377590003,2183.9024,14342.41352,14681.51825,23.38556252,-2.49E-18,0.186302424,-0.393608954,0.210848003,450.941464,260.4855499,190.4559141,340.8973792,AM2_A151_ligand.pdb,AM2_A151_ligand.html,331,4.3,0.515185279,662,5.18850696,0.545981365,10,41,0,328.3375601,0.897758955,12,A:16 ;A:17 ;A:18 ;A:19 ;A:20 ;A:21 ;B:28 ;B:29 ;B:30 ;B:31 ;B:32 ;B:33 ,4,-10.59
2B57_cleaned.pdb,A,6AP_A91,65,17,15,16,17,47.69,-18,10410.05,18.34,181.82,48.27,0.31,9,186,0.55,2.45,A,6AP,91,NC1NC(N)C2NCNC2N1,158.21,-3.45,100.16,6,6,2,0,4,25,11,2.164736793,270.3026374,481.6691543,730.7899731,2.619706709,-2.22E-18,0.165851846,-0.314432313,0.126712165,119.4810419,84.18969538,35.2913465,-23.85292195,6AP_A91_ligand.pdb,6AP_A91_ligand.html,289,4.19,0.570240804,418,5.123540149,0.558938608,17,32,0,169.8441742,0.510029402,9,A:21 ;A:22 ;A:47 ;A:50 ;A:51 ;A:52 ;A:73 ;A:74 ;A:75 ,4,-9.54
2BEE_cleaned.pdb,A,JS4_A50,21,4,7,7,3,66.67,-4.6,5113.96,17.58,199.79,18.96,0.42,8,173,0.19,1.43,A,JS4,50,NCCCNCCO[C@H]1[C@H](O[C@@H]2[C@@H](O)[C@H](N)C[C@H](N)[C@H]2O[C@H]2O[C@H](CO)[C@@H](O)[C@H](O)[C@H]2N)O[C@H](CO)[C@H]1O[C@H]1O[C@@H](CN)[C@@H](O)[C@H](O)[C@H]1N,715.8,-8.9,374.37,14,21,29,0,19,106,49,5.564852647,11337.27159,14264.23571,18731.62543,7.803543098,5.24E-19,0.182654105,-0.393566529,0.210719505,601.6286019,335.0355627,266.5930392,687.3797561,JS4_A50_ligand.pdb,JS4_A50_ligand.html,366,4.3,0.527080942,689,5.160864815,0.563260676,18,31,0,359.4797777,2.532197054,15,A:12 ;A:13 ;A:14 ;A:15 ;A:16 ;A:17 ;A:18 ;A:19 ;B:23 ;B:24 ;B:25 ;B:26 ;B:27 ;B:28 ;B:29 ,4,-10.12
2EET_cleaned.pdb,A,HPA_A90,67,16,18,18,15,53.73,-22.8,10879.08,18.87,192.7,50.01,0.31,9,187,0.53,3.15,A,HPA,90,OC1NCNC2NCNC12,144.18,-2.7,68.35,5,5,1,0,3,22,10,2.011314803,235.6624972,357.3967266,573.4524578,2.14412373,0,0.170508817,-0.37678844,0.212313893,108.6655762,66.66319461,42.00238161,83.10597661,HPA_A90_ligand.pdb,HPA_A90_ligand.html,258,4.18,0.538433805,372,5.102665042,0.568782917,14,32,0,155.9820245,0.513533524,9,A:21 ;A:22 ;A:47 ;A:50 ;A:51 ;A:52 ;A:73 ;A:74 ;A:75 ,4,-10.3
2ESI_cleaned.pdb,A,KAN_A51,23,4,7,7,5,60.87,-4.6,5634,18.86,246.19,17.79,0.48,8,162,0.25,1.43,A,KAN,51,NC[C@H]1O[C@H](O[C@H]2[C@H](O)[C@@H](O[C@H]3O[C@H](CO)[C@@H](O)[C@H](N)[C@H]3O)[C@H](N)C[C@@H]2N)[C@H](O)[C@@H](O)[C@@H]1O,484.5,-7.29,282.61,11,15,17,0,15,69,33,4.564817478,2479.43633,8304.907751,9407.375237,13.50054558,1.01E-17,0.196222093,-0.393567282,0.21084893,403.7709717,250.4525174,153.3184542,328.2580444,KAN_A51_ligand.pdb,KAN_A51_ligand.html,372,4.28,0.540089668,656,5.147011644,0.55461101,15,37,0,373.5729977,1.062065374,15,A:0 ;A:1 ;A:3 ;A:4 ;A:5 ;A:6 ;A:7 ;A:8 ;B:38 ;B:39 ;B:40 ;B:41 ;B:42 ;B:43 ;B:44 ,5,-11.63
2ET3_cleaned.pdb,B,LLL_A50,21,4,7,7,3,66.67,-4.6,5065.51,17.51,195.84,24.68,0.41,6,125,0.33,1.47,A,LLL,50,CN[C@@H]1[C@@H](O)[C@@H](O[C@@H]2[C@@H](O)[C@H](O[C@H]3O[C@H](CN)CC[C@H]3N)[C@@H](N)C[C@H]2N)OC[C@]1(C)O,449.55,-3.98,213.72,8,12,15,0,12,70,31,4.518327135,1933.161932,7755.366968,8666.808604,14.82738328,-3.37E-18,0.165936855,-0.387562324,0.211045798,381.4410437,189.4004602,192.0405835,291.1359835,LLL_A50_ligand.pdb,LLL_A50_ligand.html,329,4.28,0.529655795,621,5.161534848,0.556217826,14,40,0,346.7554495,0.97651895,12,A:15 ;A:16 ;A:17 ;A:18 ;A:19 ;A:20 ;B:26 ;B:27 ;B:28 ;B:29 ;B:30 ;B:31 ,4,-10.85
2ET4_cleaned.pdb,A,NMY_A50,21,4,7,7,3,66.67,-4.6,5145.46,18,217.18,15.13,0.45,8,173,0.23,1.48,A,NMY,50,NC[C@@H]1O[C@H](O[C@H]2[C@@H](O)[C@H](O[C@@H]3[C@@H](O)[C@H](N)C[C@H](N)[C@H]3O[C@H]3O[C@H](CN)[C@@H](O)[C@H](O)[C@H]3N)O[C@@H]2CO)[C@H](N)[C@@H](O)[C@@H]1O,614.65,-8.9,353.11,13,19,22,0,19,88,42,5.141439888,4258.449713,12972.62095,15264.74232,16.68231936,-1.26E-18,0.191978642,-0.393566302,0.210849173,519.7862171,315.751279,204.0349381,459.5735866,NMY_A50_ligand.pdb,NMY_A50_ligand.html,316,4.26,0.522909538,587,5.127247546,0.573719967,15,30,0,340.0242171,2.923607154,14,A:13 ;A:14 ;A:15 ;A:16 ;A:17 ;A:18 ;A:19 ;A:20 ;B:26 ;B:27 ;B:28 ;B:29 ;B:30 ;B:31 ,4,-8.59
2ET8_cleaned.pdb,B,XXX_B51,21,4,7,7,3,66.67,-4.6,5076.63,18.18,226.23,16.16,0.47,6,130,0.14,1.46,B,XXX,51,NC[C@H]1O[C@H](O[C@H]2[C@H](O)[C@@H](O)[C@H](N)C[C@@H]2N)[C@H](N)[C@@H](O)[C@@H]1O,322.36,-5.12,203.46,8,10,11,0,10,48,22,3.499854894,1089.402652,3145.538749,3662.272737,7.256416119,1.16E-18,0.188482056,-0.388696266,0.210718802,270.5647796,171.09013,99.47464963,419.5129678,XXX_B51_ligand.pdb,XXX_B51_ligand.html,264,4.29,0.533212287,440,5.110209417,0.561800358,11,24,0,257.2212811,1.61872106,10,A:4 ;A:6 ;A:7 ;A:8 ;B:38 ;B:39 ;B:40 ;B:41 ;B:42 ;B:43 ,5,-7.71
2F4T_cleaned.pdb,B,AB9_B1,23,4,7,7,5,60.87,-4.6,5700.45,19.29,263.54,18.86,0.5,8,173,0.17,1.44,B,AB9,1,NCCNCCO[C@@H]1[C@@H](O)[C@H](O[C@H]2O[C@H](CN)[C@@H](O)[C@H](O)[C@H]2N)[C@@H](N)C[C@H]1NC(O)[C@H](O)CCN,511.62,-6.88,283,12,15,24,0,12,80,35,5.20920819,4545.957982,9921.429628,13299.15378,13.84705643,-6.94E-19,0.17485477,-0.388945456,0.21236493,439.4629401,244.3989336,195.0640066,500.8875652,AB9_B1_ligand.pdb,AB9_B1_ligand.html,322,4.3,0.523309613,603,5.145722505,0.554129779,14,25,0,346.2404221,1.019164964,15,A:1403 ;A:1404 ;A:1405 ;A:1406 ;A:1407 ;A:1408 ;A:1409 ;B:1491 ;B:1492 ;B:1493 ;B:1494 ;B:1495 ;B:1496 ;B:1497 ;B:1498 ,4,-6.79
2FCZ_cleaned.pdb,A,RIO_A1024,22,7,6,6,3,54.55,-4.9,4768.46,12.88,76.64,15.73,0.22,9,191,0.26,2.27,A,RIO,1024,NC[C@H]1O[C@H](O[C@H]2[C@H](O[C@@H]3O[C@H](CO)[C@@H](O)[C@H]3O)[C@@H](O)[C@H](N)C[C@@H]2N)[C@H](N)[C@@H](O)[C@@H]1O,454.48,-6.65,262.38,10,14,16,0,14,65,31,3.873081462,3096.869218,4271.164432,6266.967168,4.262856309,8.54E-19,0.193913533,-0.393566499,0.210848929,377.6272276,233.4242538,144.2029738,313.4459852,RIO_A1024_ligand.pdb,RIO_A1024_ligand.html,281,4.3,0.524473705,537,5.169243818,0.547348146,14,32,0,277.6553683,1.741936093,12,A:6 ;A:7 ;A:8 ;A:9 ;A:13 ;A:14 ;A:15 ;A:16 ;A:17 ;B:10 ;B:11 ;B:12 ,4,-7.22
2G9C_cleaned.pdb,A,3AY_A91,67,17,16,17,17,49.25,-21.3,10851.4,18.8,189.73,50.39,0.3,9,186,0.55,2.4,A,3AY,91,NC1CC(N)NC(N)N1,131.18,-2.62,102.12,5,5,3,0,2,22,9,2.013978905,264.0654176,277.1377154,522.982493,1.22671161,0,0.164786375,-0.315740045,0.126646287,106.6494255,77.72122814,28.92819738,-148.7554339,3AY_A91_ligand.pdb,3AY_A91_ligand.html,227,4.2,0.565459873,348,5.157093803,0.573630504,16,23,0,149.8404576,0.812299675,9,A:21 ;A:22 ;A:47 ;A:50 ;A:51 ;A:52 ;A:73 ;A:74 ;A:75 ,4,-8.48
2GDI_cleaned.pdb,X,TPP_X100,78,18,18,24,18,53.85,-21.9,12067.71,19.88,176.13,75.79,0.23,14,300,0.59,3.36,X,TPP,100,CC1NCC(CN2CSC(CCO[PH](O)(O)O[PH](O)(O)O)C2C)C(N)N1,438.42,-1.61,172.93,8,12,16,0,5,58,26,5.071989603,950.8254566,10727.60899,10878.54922,34.34602535,1.51E-12,0.159685,-0.38745,0.204136,325.9933188,167.83705,158.1562688,168.7423,TPP_X100_ligand.pdb,TPP_X100_ligand.html,327,4.19,0.53216051,533,5.152830492,0.569373072,13,45,20,297.9929127,2.99453248,14,X:19 ;X:20 ;X:39 ;X:40 ;X:42 ;X:43 ;X:57 ;X:58 ;X:60 ;X:72 ;X:73 ;X:74 ;X:77 ;X:78 ,8,-10.91
2GIS_cleaned.pdb,A,SAM_A301,94,29,21,30,14,54.26,-33.4,15400.07,21.15,123.25,97.24,0.11,16,341,0.55,3.57,A,SAM,301,C[S@@H](CC[C@H](N)C(O)O)C[C@H]1O[C@@H](N2CNC3C(N)NCNC32)[C@H](O)[C@@H]1O,410.54,-4.92,181.52,10,11,14,0,9,61,27,3.59200506,2762.150887,3040.724846,4791.135061,3.006641978,1.37E-18,0.169076028,-0.387507442,0.213417025,320.7735521,160.7577354,160.0158167,277.9993869,SAM_A301_ligand.pdb,SAM_A301_ligand.html,384,4.26,0.520985129,770,5.191446524,0.565907015,19,46,0,317.3382903,1.184508705,16,A:6 ;A:7 ;A:8 ;A:10 ;A:11 ;A:12 ;A:44 ;A:45 ;A:46 ;A:47 ;A:57 ;A:58 ;A:59 ;A:87 ;A:88 ;A:89 ,6,-8.91
2HOL_cleaned.pdb,A,TPP_A105,79,19,20,25,15,56.96,-26.7,12530.94,20.09,190.31,61.8,0.24,15,322,0.55,3.01,A,TPP,105,CC1NCC(CN2CSC(CCOP3(O)(O)OP3(O)(O)O)C2C)C(N)N1,436.41,-1.07,176.23,8,12,14,0,5,56,26,4.782416851,965.7815532,9468.785405,9528.053734,18.70808327,0,0.167455,-0.324561,0.21774,315.0704567,159.9286559,155.1418008,300.5653456,TPP_A105_ligand.pdb,TPP_A105_ligand.html,292,4.24,0.498305658,481,5.121607998,0.577825778,6,45,21,268.6314655,3.032656433,15,A:19 ;A:20 ;A:39 ;A:40 ;A:41 ;A:42 ;A:43 ;A:57 ;A:58 ;A:60 ;A:72 ;A:73 ;A:74 ;A:77 ;A:78 ,8,-7.79
2HOO_cleaned.pdb,A,BFT_A95,83,19,21,26,17,56.63,-28.4,13070.88,20.49,200.22,66.01,0.25,16,345,0.57,3.56,A,BFT,95,CC1NCC(CN(CO)C(C)C(CCO[PH](O)(O)O)SC(O)C2CCCCC2)C(N)N1,486.62,-0.14,163.7,8,11,20,0,6,74,31,5.354255659,6197.653689,8372.079876,13330.93364,42.92836348,-1.65E-12,0.1978654,-0.3344,0.187456,373.9866293,151.3582432,222.6283861,289.67461,BFT_A95_ligand.pdb,BFT_A95_ligand.html,370,4.26,0.51906934,641,5.165056719,0.562358072,15,42,20,304.0956187,2.032717633,16,A:19 ;A:20 ;A:21 ;A:39 ;A:40 ;A:41 ;A:42 ;A:43 ;A:57 ;A:58 ;A:59 ;A:60 ;A:72 ;A:73 ;A:77 ;A:78 ,7,-10.91
2JUK_model1_cleaned.pdb,A,G0B_A23,22,5,8,7,2,68.18,-17.9,4173.87,12.8,86.31,12.46,0.28,14,447,0.77,3.1,A,G0B,23,NC(N)NC[C@@H]1O[C@H](O[C@@H]2[C@H](O[C@@H]3O[C@H](CO)[C@@H](O[C@H]4O[C@@H](CNC(N)N)[C@H](O)[C@@H](O)[C@@H]4NC(N)N)[C@@H]3O)[C@@H](O)[C@H](NC(N)N)C[C@@H]2NC(N)N)[C@@H](NC(N)N)[C@H](O)[C@H]1O,878.99,-15.9,581.41,25,31,40,0,19,130,60,5.053823386,8918.603037,15866.6781,20115.61818,10.89760743,-6.83E-18,0.187905688,-0.393566302,0.210849173,974.5573939,172.3097801,802.2476138,-408.5284651,G0B_A23_ligand.pdb,G0B_A23_ligand.html,229,4.22,0.59533039,499,5.246310629,0.527407195,23,13,76,458.764661,4.345697483,14,A:3 ;A:4 ;A:5 ;A:6 ;A:7 ;A:8 ;A:9 ;A:10 ;A:11 ;A:13 ;A:14 ;A:15 ;A:16 ;A:17 ,2,-8.18
2KGP_model1_cleaned.pdb,A,MIX_A26,25,5,7,7,6,56,-8.9,4843.17,15.01,161.8,1.23,0.52,8,258,0.56,2.43,A,MIX,26,OCCNCCNC1CC[C@@H](NCCNCCO)[C@H]2C(O)C3C(O)CCC(O)C3C(O)[C@@H]12,460.62,-3.42,169.5,10,10,18,0,10,76,32,4.642943889,2773.720328,7815.371165,9269.840365,12.20962418,1.10E-18,0.151333428,-0.395054449,0.210477921,533.2225351,78.30816137,454.9143738,805.7999579,MIX_A26_ligand.pdb,MIX_A26_ligand.html,553,4.06,0.632015562,745,5.11387746,0.578844012,20,131,42,546.4804157,2.18071909,8,A:3 ;A:4 ;A:5 ;A:21 ;A:22 ;A:23 ;A:24 ;A:25 ,4,-7.62
2KU0_model1_cleaned.pdb,A,ISI_A39,38,5,12,11,10,60.53,-10.7,7448.8,17.34,188.19,3.79,0.39,13,418,0.57,2.41,A,ISI,39,C[NH+](C)CCCN1C2C(CCC3O[C@H](C[NH+](C)C)C[C@@H]32)N[C@@H]1[NH3+],328.53,-3.6,61.02,4,3,11,0,6,61,23,4.092116656,1798.541627,3896.499796,5307.535949,9.827725862,0.049180328,0.147599932,-0.368762128,0.347223936,461.1154532,28.70848237,432.4069709,412.3853004,ISI_A39_ligand.pdb,ISI_A39_ligand.html,337,4.24,0.514340925,527,5.115469612,0.575523622,6,67,40,455.493897,2.291807592,13,A:4 ;A:5 ;A:6 ;A:7 ;A:8 ;A:9 ;A:10 ;A:11 ;A:12 ;A:31 ;A:32 ;A:33 ;A:34 ,3,-8.88
2KX8_model1_cleaned.pdb,A,ARG_A392,42,6,11,13,12,57.14,-20.4,8048.1,19.19,270.29,9.23,0.54,0,0,,,A,ARG,47,O=C(O)C(N)CCCN\C(=[NH2+])N,175.12,-1.85,389.52,5,4,12,0,1,27,26,3.7452,600.352,12745.23,2085.63,8.917645,2.12E-18,0.15988,-0.3122,0.225635,1138.77,571.325,488.5362,150.23,ARG_A47_ligand.pdb,ARG_A47_ligand.html,54,3.78,0.3567,481,4.98625,0.4196,5,42,102,529.6374,4.08652,5,A:13 ;A:14 ;A:15 ;A:16 ;A:17 ;A:18 ;A:19 ;A:20 ;B:26 ;B:27 ;B:28 ;B:29 ;B:30 ,5,-6.71
2L94_model1_cleaned.pdb,A,L94_A46,45,11,13,14,7,60,-33.9,8269.04,18.91,242.83,8.75,0.46,19,613,0.77,2.74,A,L94,46,C[NH+](C)CCCNC(N)C1CCC(C(N)NCCC[NH+](C)C)CC1,344.59,-2.39,84.98,6,4,18,0,2,68,24,5.282154313,1344.786151,8534.843729,9349.399168,24.19525886,0.029411765,0.126297937,-0.339767938,0.347147615,500.3349634,15.37117547,484.9637879,332.2480604,L94_A46_ligand.pdb,L94_A46_ligand.html,171,4.28,0.556286418,363,5.234718871,0.544265292,3,30,30,380.2844562,0.846299051,19,A:9 ;A:10 ;A:11 ;A:12 ;A:14 ;A:15 ;A:16 ;A:17 ;A:18 ;A:25 ;A:26 ;A:27 ;A:28 ;A:29 ;A:30 ;A:31 ;A:32 ;A:33 ;A:34 ,3,-7.22
2MXS_model1_cleaned.pdb,A,PAR_A101,27,3,7,7,10,51.85,-5.6,5278.55,13.29,76.89,8.3,0.19,17,535,0.63,2.47,A,PAR,101,[NH3+]C[C@@H]1O[C@H](O[C@H]2[C@@H](O)[C@H](O[C@@H]3[C@@H](O)[C@H]([NH3+])C[C@H]([NH3+])[C@H]3O[C@H]3O[C@H](CO)[C@@H](O)[C@H](O)[C@H]3[NH3+])O[C@@H]2CO)[C@H]([NH3+])[C@@H](O)[C@@H]1O,620.67,-12.45,355.42,13,14,22,0,19,92,42,4.914133256,4731.546289,11433.18295,13812.21823,12.63429454,0.054347826,0.232093497,-0.393566468,0.3444697,739.0143967,131.6585663,607.3558304,838.7201461,PAR_A101_ligand.pdb,PAR_A101_ligand.html,301,4.29,0.524061922,655,5.223428345,0.554568616,21,29,326,608.0940536,3.137419581,17,A:3 ;A:4 ;A:5 ;A:6 ;A:8 ;A:9 ;A:10 ;A:11 ;A:12 ;A:13 ;A:17 ;A:18 ;A:19 ;A:20 ;A:21 ;A:22 ;A:23 ,7,-6.71
2O3V_cleaned.pdb,B,N33_A50,21,4,7,7,3,66.67,-2.1,5002.98,17.95,223.91,9.43,0.48,5,106,0.33,1.42,A,N33,50,N[C@@H]1[C@@H](OCO[C@@H]2[C@@H](N)[C@@H](O[C@H]3[C@H](O)[C@@H](O)[C@H](N)C[C@@H]3N)O[C@H](CO)[C@H]2O)[C@H](O)[C@@H](CO)O[C@@H]1O,514.53,-7.32,291.84,11,16,19,0,15,73,35,5.483360444,1847.481396,14484.2799,14609.17438,24.95996169,1.05E-17,0.195720369,-0.393566529,0.213425642,436.0432161,265.8758046,170.1674115,332.0870482,N33_A50_ligand.pdb,N33_A50_ligand.html,234,4.3,0.536246423,448,5.190381618,0.544245837,12,19,0,234.3996159,5.463224679,10,A:15 ;A:16 ;A:17 ;A:18 ;A:19 ;B:27 ;B:28 ;B:29 ;B:30 ;B:31 ,6,-7.22
2O3X_cleaned.pdb,B,N30_B1,21,4,7,7,3,66.67,-4.6,5081.15,18.08,221.79,16.87,0.46,7,150,0.16,1.46,B,N30,1,NC[C@H]1O[C@@H](O[C@@H]2[C@@H](O)[C@H](N)C[C@H](N)[C@H]2O[C@H]2O[C@H](CO)[C@@H](O)[C@H](O)[C@H]2N)[C@H](O)[C@@H]1O,454.48,-6.65,262.38,10,14,16,0,14,65,31,4.019599424,3191.685523,4702.316458,6792.13098,4.705410025,6.83E-18,0.193912844,-0.393566529,0.210848921,379.4274644,233.3937897,146.0336747,326.311581,N30_B1_ligand.pdb,N30_B1_ligand.html,274,4.22,0.535293314,496,5.162537362,0.56405753,18,31,0,283.2471596,2.204769798,12,A:5 ;A:6 ;A:7 ;A:8 ;A:9 ;B:38 ;B:39 ;B:40 ;B:41 ;B:42 ;B:43 ;B:44 ,6,-9.37
2OE8_cleaned.pdb,A,AM2_B101,16,2,5,6,3,68.75,-0.7,3702.39,14.79,147.74,6.15,0.46,9,190,0.36,1.49,B,AM2,101,CN[C@@H]1[C@@H](O[C@H]2O[C@H](CO)[C@@H](N)[C@H](O)[C@H]2O)O[C@H]2C[C@@H](N)[C@@H](O[C@H]3[C@H](O)[C@@H](O)[C@H](N)C[C@@H]3N)O[C@@H]2[C@@H]1O,539.58,-6.95,283.64,11,16,17,0,17,78,37,5.282187837,2292.716009,13712.3418,14105.30134,21.8276369,-2.49E-18,0.186302424,-0.393608954,0.210848003,450.363083,259.9691687,190.3939143,332.3756809,AM2_B101_ligand.pdb,AM2_B101_ligand.html,294,4.29,0.563235731,653,5.250162962,0.534855542,15,24,0,302.1554397,0.560644606,16,A:14 ;A:15 ;A:16 ;A:1408 ;A:1409 ;A:1410 ;A:1411 ;A:1412 ;A:1413 ;B:83 ;B:84 ;B:85 ;B:86 ;B:1487 ;B:1488 ;B:1489 ,2,-5.55
2OGO_cleaned.pdb,0,G34_00,2765,713,662,871,519,55.44,-1044,387633.88,64.95,494.35,537,0.03,11,235,0.34,3.14,0,G34,0,CC[C@]1(C)C[C@@H](OC(O)CS[C@@H]2C[C@H]3CC[C@@H](C2)N3C)[C@]2(C)[C@H](C)CC[C@]3(CCC(O)[C@H]32)[C@@H](C)[C@@H]1O,523.82,5.06,73.16,3,6,15,0,13,89,36,4.405411305,2624.159817,8262.381305,9445.843297,11.92670694,4.44E-18,0.103231795,-0.392795807,0.213394365,440.3209375,73.49709318,366.8238443,454.3957993,G34_00_ligand.pdb,G34_00_ligand.html,354,4.35,0.48506138,789,5.197993508,0.529114166,3,77,0,323.7756082,1.519163238,11,0:2044 ;0:2045 ;0:2046 ;0:2426 ;0:2430 ;0:2431 ;0:2482 ;0:2483 ;0:2484 ;0:2485 ;0:2564 ,8,-9.27
2XNW_cleaned.pdb,A,ZZR_A1089,65,17,15,16,17,47.69,-18,10521.24,18.31,178.06,49.36,0.3,9,186,0.53,2.99,A,ZZR,1089,NC1NC2NNC(N)N2N1,145.17,-3.73,103.4,6,7,2,0,3,21,10,2.043812466,157.1782863,457.4984242,598.1226517,3.070008404,-3.97E-18,0.175177753,-0.302491214,0.144889971,107.3267681,89.85058363,17.47618448,24.2874918,ZZR_A1089_ligand.pdb,ZZR_A1089_ligand.html,257,4.2,0.55455812,375,5.134589451,0.549502215,18,16,0,150.9923674,0.463927628,9,A:21 ;A:22 ;A:47 ;A:50 ;A:51 ;A:52 ;A:73 ;A:74 ;A:75 ,4,-11.86
2XO0_cleaned.pdb,A,ZZS_A110,65,17,15,16,17,47.69,-18,10348.73,18.15,175.44,47.76,0.3,9,186,0.54,2.42,A,ZZS,110,NC1NCNC(N)N1,117.16,-2.79,88.13,5,5,2,0,2,19,8,1.836258+AH60:AP60696,138.343228,264.4714003,387.2493513,1.601014688,8.76E-18,0.171880491,-0.303475137,0.127981536,94.29625516,70.68075799,23.61549716,-310.636856,ZZS_A110_ligand.pdb,ZZS_A110_ligand.html,201,4.19,0.549919427,311,5.164213826,0.556940984,14,19,0,133.800973,0.514521925,9,A:21 ;A:22 ;A:47 ;A:50 ;A:51 ;A:52 ;A:73 ;A:74 ;A:75 ,4,-6.01
2YDH_cleaned.pdb,A,SAM_A1100,94,28,22,29,15,54.26,-33.7,15310.55,21.03,123.36,94.41,0.11,16,342,0.52,3.61,A,SAM,1100,C[S@@H](CC[C@H](N)C(O)O)C[C@H]1O[C@@H](N2CNC3C(N)NCNC32)[C@H](O)[C@@H]1O,410.54,-4.92,181.52,10,11,14,0,9,61,27,3.508071942,2601.680215,2973.870109,4529.151756,3.444244362,1.37E-18,0.169076028,-0.387507442,0.213417025,321.8559508,162.1456754,159.7102754,245.1955422,SAM_A1100_ligand.pdb,SAM_A1100_ligand.html,390,4.26,0.533043862,785,5.182454944,0.550751063,18,49,0,332.6209126,0.701200338,16,A:6 ;A:7 ;A:8 ;A:10 ;A:11 ;A:44 ;A:45 ;A:46 ;A:47 ;A:56 ;A:57 ;A:58 ;A:59 ;A:87 ;A:88 ;A:89 ,6,-5.85
2YGH_cleaned.pdb,A,SAM_A1096,95,30,22,30,13,54.74,-33.4,15267.51,20.87,128.27,82.17,0.11,17,364,0.59,3.5,A,SAM,1096,C[S@@H](CC[C@H](N)C(O)O)C[C@H]1O[C@@H](N2CNC3C(N)NCNC32)[C@H](O)[C@@H]1O,410.54,-4.92,181.52,10,11,14,0,9,61,27,3.632202783,2626.826116,3267.268268,4938.355917,4.334177293,1.37E-18,0.169076028,-0.387507442,0.213417025,323.1096619,162.8194653,160.2901966,237.9254382,SAM_A1096_ligand.pdb,SAM_A1096_ligand.html,379,4.26,0.517018417,761,5.196092666,0.55590026,16,45,0,330.7496961,0.976551507,17,A:6 ;A:7 ;A:8 ;A:10 ;A:11 ;A:12 ;A:44 ;A:45 ;A:46 ;A:47 ;A:56 ;A:57 ;A:58 ;A:59 ;A:87 ;A:88 ;A:89 ,6,-8.84
3B31_cleaned.pdb,A,IRI_A2,29,8,4,8,9,41.38,-9.9,5489.95,13.84,113.07,4.46,0.35,8,173,0.4,2.84,A,IRI,2,,,,,,,,,0,0,0,,,,,,,,,,142.6547275,132.9025797,9.752147724,,IRI_A2_ligand.pdb,IRI_A2_ligand.html,76,4.09,0.629252888,128,5.163523473,0.54407292,15,0,0,142.5866597,1.574966187,8,A:6182 ;A:6183 ;A:6184 ;A:6185 ;A:6186 ;A:6188 ;A:6189 ;A:6190 ,3,-8.87
3D0U_cleaned.pdb,A,LYS_205,161,33,42,64,22,65.84,-77.5,25328.65,28.64,486.04,32.06,0.35,0,0,0.56,2.74,A,LYS,21,O=C(O)C(N)CCCC[NH3+],147.21,-5.01,190.85,5,11,15,0,0,51,22,3.5674,4731.546289,11433.18295,13812.21823,12.63429454,0.054347826,0.232093497,-0.393566468,0.3444697,739.0143967,131.6585663,607.3558304,838.7201461,LYS_A205_ligand.pdb,LYS_A205_ligand.html,85,4.12,0.596845,125,5.1477,0.57421,14,0,1,135.7412,1.8574,10,A:15 ;A:16 ;A:17 ;A:18 ;A:19 ;B:27 ;B:28 ;B:29 ;B:30 ;B:31 ,,-12.87
3DLL_cleaned.pdb,X,ZLD_X2911,2686,698,638,846,504,55.25,-1018,366838.04,63.8,552.4,506.14,0.03,9,192,0.3,2.4,X,ZLD,2911,CC(O)NC[C@H]1CN([C@H]2CCC(N3CCOCC3)C(F)C2)C(O)O1,347.43,-0.52,77.43,3,7,8,0,6,54,24,4.289024537,1156.474217,5329.783042,6296.237507,14.92744374,2.57E-18,0.14184594,-0.378916137,0.216290352,272.3157507,84.99186401,187.3238867,336.1276329,ZLD_X2911_ligand.pdb,ZLD_X2911_ligand.html,274,4.36,0.55940007,642,5.220862716,0.528619231,5,32,14,215.496087,2.158767301,9,X:2042 ;X:2044 ;X:2430 ;X:2431 ;X:2482 ;X:2483 ;X:2484 ;X:2485 ;X:2564 ,6,-7.83
3DS7_cleaned.pdb,A,GNG_A120,67,17,20,18,12,56.72,-22.6,11078.64,18.87,192.81,48.02,0.31,11,231,0.34,2.34,A,GNG,120,N[C@H]1NC2C(NCN2[C@H]2C[C@H](O)[C@@H](CO)O2)[C@H](O)N1,275.31,-4.23,135.27,7,9,6,0,7,40,19,3.171239683,780.1350717,2237.116368,2520.182257,6.174610232,9.71E-18,0.18046055,-0.393569189,0.212314987,212.7951128,127.1488109,85.64630184,17.90136128,GNG_A120_ligand.pdb,GNG_A120_ligand.html,349,4.18,0.534451091,541,5.134356735,0.55607748,17,45,0,258.8078515,1.738992075,11,A:21 ;A:22 ;A:47 ;A:49 ;A:50 ;A:51 ;A:52 ;A:73 ;A:74 ;A:75 ;A:76 ,5,-8.18
3E5C_cleaned.pdb,A,SAM_A216,52,16,11,17,8,53.85,-17.1,8985.77,18.31,176.49,45.64,0.29,11,244,0.55,2.79,A,SAM,216,C[S@@H](CC[C@H](N)C(O)O)C[C@H]1O[C@@H](N2CNC3C(N)NCNC32)[C@H](O)[C@@H]1O,410.54,-4.92,181.52,10,11,14,0,9,61,27,3.842771259,2448.764091,4190.65896,5485.405301,6.064140928,1.37E-18,0.169076028,-0.387507442,0.213417025,322.3144089,162.1466248,160.1677841,253.4692539,SAM_A216_ligand.pdb,SAM_A216_ligand.html,347,4.22,0.515474276,612,5.147440028,0.561371573,14,38,0,287.9139239,2.628158331,11,A:7 ;A:29 ;A:30 ;A:31 ;A:36 ;A:37 ;A:38 ;A:39 ;A:46 ;A:47 ;A:48 ,7,-6.01
3FO4_cleaned.pdb,A,6GU_A91,63,17,14,15,17,46.03,-16.7,10195.09,18,170.03,46.89,0.29,9,186,0.53,2.4,A,6GU,91,Clc2nc(nc1c2ncn1)N,168.952,-3.95,188.52,5,9,4,0,0,0,0,3.7465,3041.526,5000.7865,4812.7421,5.84125,2.11E-19,0.21456,-0.37125,0.22375,122.8576582,65.95245555,56.90520268,255.7135,6GU_A91_ligand.pdb,6GU_A91_ligand.html,265,4.18,0.525147027,409,5.111461566,0.563981008,13,32,0,180.634531,0.571204184,9,A:21 ;A:22 ;A:47 ;A:50 ;A:51 ;A:52 ;A:73 ;A:74 ;A:75 ,4,-12.6
3FO6_cleaned.pdb,A,6GO_A91,67,17,17,17,16,50.75,-21.3,10912.06,18.96,195.76,50.06,0.31,9,186,0.54,3.02,A,6GO,91,COC1NC(N)NC2NCNC21,173.22,-2.761,83.37,5,6,3,0,4,27,12,2.315879491,395.9402148,544.8969637,917.2237178,2.772025209,2.06E-18,0.162389498,-0.364729798,0.127800443,131.1936766,77.75975394,53.43392266,-7.464500128,6GO_A91_ligand.pdb,6GO_A91_ligand.html,285,4.16,0.538477343,420,5.080724654,0.563802817,16,36,0,182.0463537,0.727979294,9,A:21 ;A:22 ;A:47 ;A:50 ;A:51 ;A:52 ;A:73 ;A:74 ;A:75 ,4,-9.79
3FU2_cleaned.pdb,A,PRF_A101,32,13,8,4,7,37.5,-4.6,5210.39,12.56,63.41,17.61,0.17,11,216,0.4,3.47,A,PRF,101,NCC1CNC2NC(N)NC(O)C12,187.25,-3.14,108.36,6,6,4,0,5,30,13,2.490771004,357.1738568,837.2536313,1128.910891,4.249668836,4.63E-18,0.161981871,-0.378102306,0.21224569,147.2585443,90.55691492,56.70162939,-16.75719175,PRF_A101_ligand.pdb,PRF_A101_ligand.html,302,4.15,0.503444544,406,5.070268172,0.571623063,16,49,0,207.3127953,1.103300736,11,A:5 ;A:6 ;A:7 ;A:11 ;A:12 ;A:16 ;A:17 ;A:18 ;A:29 ;A:30 ;A:31 ,5,-6.26
3G4M_cleaned.pdb,A,2BP_A91,67,17,17,17,16,50.75,-21.3,10957.75,18.92,192.01,52.67,0.3,9,186,0.54,2.83,A,2BP,91,NC1NCC2NCNC2N1,143.19,-2.73,74.14,5,5,1,0,3,23,10,2.120579098,154.998621,499.9069689,632.9399229,3.358385551,3.62E-18,0.156138915,-0.30353884,0.126710436,110.0739949,66.76634142,43.30765349,-45.97636768,2BP_A91_ligand.pdb,2BP_A91_ligand.html,266,4.19,0.531996603,384,5.079142806,0.584810052,17,33,0,155.7604589,0.426794805,9,A:21 ;A:22 ;A:47 ;A:50 ;A:51 ;A:52 ;A:73 ;A:74 ;A:75 ,4,-10.03
3GAO_cleaned.pdb,A,XAN_A90,67,17,17,17,16,50.75,-21.3,10779.51,18.84,195.02,50.43,0.32,9,186,0.53,2.4,A,XAN,90,OC1NC(O)C2NCNC2N1,160.18,-3.38,88.58,6,6,2,0,4,23,11,2.185793642,288.8121713,485.8772001,755.8639632,2.60286175,-3.62E-18,0.188784766,-0.376706058,0.213704728,120.542088,84.78989364,35.75219438,29.15935133,XAN_A90_ligand.pdb,XAN_A90_ligand.html,284,4.19,0.55737935,419,5.129740651,0.568398111,18,35,0,174.5522775,0.5351658,9,A:21 ;A:22 ;A:47 ;A:50 ;A:51 ;A:52 ;A:73 ;A:74 ;A:75 ,4,-7.19
3GOT_cleaned.pdb,A,A2F_A91,67,17,16,17,17,49.25,-21.3,10881.62,18.84,193.46,49.73,0.31,9,186,0.53,2.39,A,A2F,91,N[C@@H]1NC(F)NC2NCNC21,161.18,-2.44,74.14,5,5,1,0,4,23,11,2.177833428,273.1397866,501.5825751,754.2556643,1.940940821,-2.41E-18,0.165621482,-0.314400137,0.207198392,119.3188062,65.98955817,53.32924802,23.77429265,A2F_A91_ligand.pdb,A2F_A91_ligand.html,289,4.16,0.554274414,418,5.119935882,0.556188113,15,36,15,169.3742998,0.6168167,9,A:21 ;A:22 ;A:47 ;A:50 ;A:51 ;A:52 ;A:73 ;A:74 ;A:75 ,4,-6.56
3GX7_cleaned.pdb,A,SAM_A301,94,26,24,33,11,60.64,-37.1,15413.34,21.15,118.73,99.05,0.11,15,323,0.57,3.52,A,SAM,301,C[S@@H](CC[C@H](N)C(O)O)C[C@H]1O[C@@H](N2CNC3C(N)NCNC32)[C@H](O)[C@@H]1O,410.54,-4.92,181.52,10,11,14,0,9,61,27,3.539278556,2653.423474,2975.741385,4656.112819,2.749961262,1.37E-18,0.169076028,-0.387507442,0.213417025,319.7940516,160.3383276,159.4557239,260.7569495,SAM_A301_ligand.pdb,SAM_A301_ligand.html,377,4.3,0.521224696,757,5.181510081,0.569706049,16,40,0,314.8509351,0.872736392,15,A:6 ;A:7 ;A:8 ;A:10 ;A:11 ;A:12 ;A:44 ;A:45 ;A:46 ;A:47 ;A:57 ;A:58 ;A:59 ;A:88 ;A:89 ,6,-8.51
3K1V_cleaned.pdb,A,PRF_A301,30,12,7,4,7,36.67,-5.6,4870.72,12.4,70.5,6.37,0.21,10,191,0.35,2.82,A,PRF,301,NCC1CNC2NC(N)NC(O)C12,187.25,-3.14,108.36,6,6,4,0,5,30,13,2.495433177,359.5477245,838.9541521,1133.542195,4.265646137,4.63E-18,0.161981871,-0.378102306,0.21224569,147.4439791,90.76500435,56.67897479,-5.388262549,PRF_A301_ligand.pdb,PRF_A301_ligand.html,306,4.14,0.524214623,415,5.060388793,0.56535179,15,48,0,196.9774847,0.670482846,10,A:5 ;A:6 ;A:7 ;A:11 ;A:12 ;A:17 ;A:18 ;A:29 ;A:30 ;A:31 ,5,-7.15
3LA5_cleaned.pdb,A,5AZ_A84,71,19,16,15,21,43.66,-19.8,11696.9,20.42,259.99,38.78,0.4,8,166,0.46,2.33,A,5AZ,84,NC1NCNC(O)N1,118.14,-2.76,82.34,5,5,2,0,2,18,8,1.86328445,145.9756648,270.9532863,403.3947912,1.42132273,3.08E-18,0.186420422,-0.36529409,0.213704752,95.91167901,72.46219315,23.44948586,-290.14409,5AZ_A84_ligand.pdb,5AZ_A84_ligand.html,188,4.21,0.562712964,279,5.129939214,0.539159786,13,16,0,133.826396,0.832597297,8,A:21 ;A:22 ;A:50 ;A:51 ;A:52 ;A:73 ;A:74 ;A:75 ,3,-10.03
3MUM_cleaned.pdb,R,C2E_R1,91,25,25,27,14,57.14,-27.6,15177.51,22.67,275.49,62.34,0.3,14,304,0.42,3.35,R,C2E,1,NC1NC(O)C2NCN([C@@H]3O[C@@H]4CO[PH](O)(O)O[C@H]5[C@@H](O)[C@H](N6CNC7C(O)NC(N)NC76)O[C@@H]5CO[PH](O)(O)O[C@H]4[C@H]3O)C2N1,710.58,-9.61,347.92,16,24,12,0,16,90,46,4.532846522,8015.991867,9534.020137,11649.96837,11.60149947,-3.88E-18,0.188784766,-0.376706058,0.213704728,520.1013901,349.0524633,171.0489268,-300.80021,C2E_R1_ligand.pdb,C2E_R1_ligand.html,712,4.23,0.526535851,1081,5.132917754,0.56472143,30,86,0,527.0145115,2.20434064,14,R:14 ;R:16 ;R:17 ;R:18 ;R:19 ;R:20 ;R:21 ;R:46 ;R:47 ;R:48 ;R:49 ;R:50 ;R:92 ;R:93 ,6,-8.18
3MUT_cleaned.pdb,R,C2E_R1,91,25,24,27,15,56.04,-27.6,15248.82,22.66,270.41,63.71,0.29,15,324,0.37,3.29,R,C2E,1,NC1NC(O)C2NCN([C@@H]3O[C@@H]4CO[PH](O)(O)O[C@H]5[C@@H](O)[C@H](N6CNC7C(O)NC(N)NC76)O[C@@H]5CO[PH](O)(O)O[C@H]4[C@H]3O)C2N1,710.58,-9.61,347.92,16,24,12,0,16,90,46,4.481631598,7824.538393,9249.157176,11470.1733,11.48625616,-2.74E-18,0.165621482,-0.314400137,0.207198392,521.6948374,350.303747,171.3910904,-241.73025,C2E_R1_ligand.pdb,C2E_R1_ligand.html,672,4.22,0.514382751,1027,5.118651122,0.572234931,32,76,0,527.200072,2.368731762,15,R:14 ;R:15 ;R:16 ;R:17 ;R:18 ;R:19 ;R:20 ;R:21 ;R:46 ;R:47 ;R:48 ;R:49 ;R:50 ;R:92 ;R:93 ,7,-13.8
3MXH_cleaned.pdb,R,C2E_R1,91,24,25,28,14,58.24,-28.2,15287.04,22.78,280.2,63.6,0.3,15,325,0.43,3.33,R,C2E,1,NC1NC(O)C2NCN([C@@H]3O[C@@H]4CO[PH](O)(O)O[C@H]5[C@@H](O)[C@H](N6CNC7C(O)NC(N)NC76)O[C@@H]5CO[PH](O)(O)O[C@H]4[C@H]3O)C2N1,710.58,-9.61,347.92,16,24,12,0,16,90,46,4.582011306,7989.427555,9788.804513,12058.60918,12.15772807,1.42E-18,0.169076028,-0.387507442,0.213417025,521.5112479,350.4886419,171.022606,-540.9374,C2E_R1_ligand.pdb,C2E_R1_ligand.html,727,4.24,0.515074553,1140,5.12487797,0.568244551,30,86,0,539.4590922,2.256030858,15,R:14 ;R:15 ;R:16 ;R:17 ;R:18 ;R:19 ;R:20 ;R:21 ;R:46 ;R:47 ;R:48 ;R:49 ;R:50 ;R:92 ;R:93 ,6,-6.96
3NPQ_cleaned.pdb,C,NCO_C58,50,12,16,18,4,68,-21.3,9177.18,17.64,120.53,71.84,0.19,8,170,0.5,2.34,C,NCO,58,N.N.N.N.N.N.O,120.2,0.15,241.5,6,6,0,0,0,27,7,1.8722002,277.8109558,278.9619834,285.8681857,0.188337406,4.25E-18,0.210843933,-0.411509522,0.205754761,129.0169134,129.0169134,0,5.435194412,NCO_C58_ligand.pdb,NCO_C58_ligand.html,107,4.14,0.581975158,222,5.198381476,0.561849155,15,0,0,133.4081844,1.745377669,8,C:15 ;C:16 ;C:17 ;C:18 ;C:19 ;C:26 ;C:27 ;C:28 ,3,-11.42
3OWZ_cleaned.pdb,A,,86,27,19,27,13,53.49,-34.1,14500.24,25.76,402.34,114.43,0.39,0,0,,,,,,,,,,,,,,,,,,,,,,,,,,,,,,,,,,,,,,,,,,,,,,-10.26
3Q3Z_cleaned.pdb,A,C2E_A2,74,20,13,20,21,44.6,-18.6,12724.39,21.13,224.72,89.54,0.28,13,278,0.42,3.48,A,C2E,2,NC1NC(O)C2NCN([C@@H]3O[C@@H]4CO[PH](O)(O)O[C@H]5[C@@H](O)[C@H](N6CNC7C(O)NC(N)NC76)O[C@@H]5CO[PH](O)(O)O[C@H]4[C@H]3O)C2N1,710.58,-9.61,347.92,16,24,12,0,16,90,46,4.911114879,8219.606189,12244.1459,13813.08315,28.72293529,3.08E-18,0.186420422,-0.36529409,0.213704752,518.3744573,349.1181411,169.2563163,4.937135,C2E_A2_ligand.pdb,C2E_A2_ligand.html,644,4.24,0.507547952,1010,5.101338362,0.573617708,18,93,0,529.7547974,1.872633112,13,A:13 ;A:14 ;A:37 ;A:39 ;A:60 ;A:61 ;A:68 ;A:69 ;A:70 ;A:71 ;A:72 ;A:73 ;A:74 ,7,-8.04
3RKF_cleaned.pdb,A,DX4_A91,67,16,16,18,17,50.75,-25,10881.11,19.11,202.97,50.16,0.32,10,206,0.43,2.43,A,DX4,91,NC1NC(S)C2NCNC2N1,175.26,-2.48,74.14,6,6,2,0,4,24,11,2.330013049,456.4495014,507.2960452,939.2246538,2.88025967,-2.31E-18,0.157586586,-0.303512013,0.126711609,124.9531144,66.98346723,57.96964717,-41.1970179,DX4_A91_ligand.pdb,DX4_A91_ligand.html,276,4.22,0.532159935,432,5.10423518,0.57418385,13,30,0,183.3065662,0.470733085,10,A:21 ;A:22 ;A:47 ;A:49 ;A:50 ;A:51 ;A:52 ;A:73 ;A:74 ;A:75 ,4,-8.12
3S4P_cleaned.pdb,A,JS6_A50,21,4,7,7,3,66.67,-4.6,5128.22,17.81,210.99,20.5,0.45,8,173,0.19,1.43,A,JS6,50,NC[C@@H]1O[C@H](O[C@H]2[C@@H](OCCNCCC3CCCCC3)[C@H](O[C@@H]3[C@@H](O)[C@H](N)C[C@H](N)[C@H]3O[C@H]3O[C@H](CO)[C@@H](O)[C@H](O)[C@H]3N)O[C@@H]2CO)[C@H](N)[C@@H](O)[C@@H]1O,768.9,-6.28,348.35,13,20,28,0,19,117,53,5.880922614,12601.36212,17410.78778,23173.25628,13.67647822,2.37E-18,0.1709535,-0.393566529,0.210719505,645.6456897,318.4330493,327.2126404,763.7966382,JS6_A50_ligand.pdb,JS6_A50_ligand.html,365,4.31,0.521952327,704,5.157706049,0.557281478,14,29,0,354.4978805,3.222237309,15,A:12 ;A:13 ;A:14 ;A:15 ;A:16 ;A:17 ;A:18 ;A:19 ;B:23 ;B:24 ;B:25 ;B:26 ;B:27 ;B:28 ;B:29 ,4,-8.18
3SD3_cleaned.pdb,A,FFO_A3631,89,23,18,29,19,52.81,-30.5,14617.75,23,301.48,93.29,0.35,9,193,0.59,3.5,A,FFO,3631,NC1NC(O)C2C(NC[C@H](CNC3CCCCC3)N2CO)N1,314.43,-2.42,117.84,7,8,7,0,5,52,22,3.706230306,874.0366747,3750.419416,4013.764736,11.14560769,-1.60E-18,0.143885251,-0.381115788,0.212315175,245.6167528,108.0829228,137.53383,183.9788684,FFO_A3631_ligand.pdb,FFO_A3631_ligand.html,287,4.21,0.530514964,476,5.124525515,0.548865414,18,40,0,215.5189179,3.72697991,9,A:7 ;A:8 ;A:35 ;A:41 ;A:42 ;A:44 ;A:78 ;A:79 ;A:80 ,6,-6.26
3SKI_cleaned.pdb,A,GNG_A120,66,18,16,15,17,46.97,-17.2,11077.98,18.57,178.24,41.23,0.28,12,251,0.37,2.35,A,GNG,120,NC1NC(O)C2NCN([C@H]3C[C@H](O)[C@@H](CO)O3)C2N1,275.31,-4.23,135.27,7,9,6,0,7,40,19,3.185525254,718.5818275,2293.084183,2575.76932,6.246621682,9.71E-18,0.18046055,-0.393569189,0.212314987,212.3694022,126.6969867,85.67241549,2.633848829,GNG_A120_ligand.pdb,GNG_A120_ligand.html,360,4.23,0.549143063,595,5.154618409,0.547874752,16,40,0,268.8094059,0.940456707,12,A:30 ;A:31 ;A:54 ;A:55 ;A:56 ;A:57 ;A:58 ;A:59 ;A:79 ;A:80 ;A:81 ;A:82 ,3,-9.54
3SLM_cleaned.pdb,A,DGP_A120,66,18,16,15,17,46.97,-17.2,10949.71,18.59,178.63,41.49,0.28,13,271,0.34,2.34,A,DGP,120,NC1NC(O)C2NCN([C@H]3C[C@H](O)[C@@H](CO[PH](O)(O)O)O3)C2N1,357.3,-4.82,184.96,9,12,10,0,7,47,23,4.193207253,1123.731742,5409.411729,6031.799751,32.93798965,1.07E-20,0.197352,-0.401325,0.22385,262.3913006,176.1824446,86.20885598,3.004215,DGP_A120_ligand.pdb,DGP_A120_ligand.html,407,4.24,0.536599345,715,5.163990279,0.559443661,19,45,0,329.1454054,0.576555301,13,A:29 ;A:30 ;A:31 ;A:54 ;A:55 ;A:56 ;A:57 ;A:58 ;A:59 ;A:79 ;A:80 ;A:81 ;A:82 ,3,-4.47
3SUX_cleaned.pdb,X,THF_X103,100,24,21,35,20,56,-41,17849.2,25.92,369.04,122.51,0.33,7,154,0.49,3.49,X,THF,103,C[C@H]1CNC2NC(N)NC(O)[C@@H]2N1,187.25,-2.98,94.37,6,6,3,0,5,30,13,2.475885976,354.7926612,841.2996686,1099.560146,4.235223498,6.94E-18,0.159984581,-0.376738887,0.212314979,148.3276828,84.69390657,63.63377623,55.10069312,THF_X103_ligand.pdb,THF_X103_ligand.html,200,4.16,0.528330445,344,5.171523467,0.559994677,13,24,0,138.4457661,2.108790808,7,X:27 ;X:28 ;X:29 ;X:57 ;X:58 ;X:59 ;X:77 ,3,-7.83
3TRA_cleaned.pdb,A,,67,12,16,23,16,58.21,-28.1,12109.78,22.3,322.38,58.92,0.43,0,0,,,,,,,,,,,,,,,,,,,,,,,,,,,,,,,,,,,,,,,,,,,,,,-6.82
4FAU_cleaned.pdb,A,SPM_A425,393,114,77,121,81,50.38,-126.7,57334.58,36.4,419.76,209.01,0.12,6,133,0.66,3.51,A,SPM,425,NCCCNCCCCNCCCN,202.35,-0.36,76.1,4,4,13,0,0,40,14,4.403125745,434.7883819,3528.012113,3883.172262,16.1291817,-2.78E-18,0.115996391,-0.330424745,0.122190761,196.762154,62.96980229,133.7923517,52.77555356,SPM_A425_ligand.pdb,SPM_A425_ligand.html,73,4.26,0.524749161,163,5.212558264,0.597610976,3,5,0,90.93714758,2.61415298,6,A:47 ;A:48 ;A:55 ;A:56 ;A:57 ;A:58 ,2,-12.38
4FB0_cleaned.pdb,A,SPM_A445,393,113,76,125,79,51.15,-126.7,57330.94,36.39,424.22,208.21,0.12,7,155,0.78,3.59,A,SPM,445,NCCCNCCCCNCCCN,202.35,-0.36,76.1,4,4,13,0,0,40,14,4.480921387,246.2148683,3874.737461,4004.719317,18.64787484,-2.78E-18,0.115996391,-0.330424745,0.122190761,194.3752663,62.75762365,131.6176427,44.27952495,SPM_A445_ligand.pdb,SPM_A445_ligand.html,97,4.3,0.526608038,202,5.218077256,0.54633121,3,9,0,124.3728797,3.408693799,7,A:47 ;A:48 ;A:49 ;A:55 ;A:56 ;A:57 ;A:58 ,3,-9.67
4FE5_cleaned.pdb,B,HPA_B101,67,17,17,17,16,50.75,-21.3,10872.12,18.89,194.5,50.59,0.31,9,186,0.53,2.4,B,HPA,101,OC1NCNC2NCNC12,144.18,-2.7,68.35,5,5,1,0,3,22,10,2.009999986,234.4477279,357.8361028,572.7032284,2.148455532,0,0.170508817,-0.37678844,0.212313893,108.6011957,66.61561208,41.98558358,83.17644839,HPA_B101_ligand.pdb,HPA_B101_ligand.html,261,4.19,0.551221528,386,5.118207599,0.575945192,12,34,0,156.4482292,0.589635424,9,B:21 ;B:22 ;B:47 ;B:50 ;B:51 ;B:52 ;B:73 ;B:74 ;B:75 ,4,-8.37
4GKK_cleaned.pdb,A,PAR_A1785,1513,311,425,544,233,64.05,-735.8,210826.25,65.08,2207.72,630.58,0.29,14,298,0.52,3.57,A,PAR,1785,NC[C@@H]1O[C@H](O[C@H]2[C@@H](O)[C@H](O[C@@H]3[C@@H](O)[C@H](N)C[C@H](N)[C@H]3O[C@H]3O[C@H](CO)[C@@H](O)[C@H](O)[C@H]3N)O[C@@H]2CO)[C@H](N)[C@@H](O)[C@@H]1O,615.63,-8.86,347.32,13,19,22,0,19,87,42,4.999950687,4224.872353,11866.57497,14689.6455,14.78722051,6.38E-18,0.19524038,-0.393566529,0.210849173,502.8454247,310.3096183,192.5358063,457.8771781,PAR_A1785_ligand.pdb,PAR_A1785_ligand.html,347,4.26,0.553906632,650,5.166691571,0.553005083,19,30,0,381.61058,1.835074274,14,A:1386 ;A:1387 ;A:1388 ;A:1389 ;A:1390 ;A:1391 ;A:1466 ;A:1467 ;A:1468 ;A:1469 ;A:1470 ;A:1471 ;A:1472 ;A:1473 ,4,-10.21
4GPY_cleaned.pdb,A,6HS_A101,22,3,8,8,3,72.73,-3.5,5450.19,19.13,261.82,20.22,0.51,6,130,0.2,1.47,A,6HS,101,CN[C@@H]1[C@@H](O)[C@@H](O[C@@H]2[C@@H](O)[C@H](O[C@H]3OC(CO)CC[C@H]3N)[C@@H](N)C[C@H]2N)OC[C@]1(C)O,450.53,-3.94,207.93,8,12,15,0,12,69,31,4.402117183,2032.885852,7297.521495,8131.022401,13.42434313,2.01E-18,0.170224369,-0.393676135,0.211045798,381.4125931,190.086929,191.3256641,342.0403246,6HS_A101_ligand.pdb,6HS_A101_ligand.html,344,4.23,0.546975191,626,5.133933514,0.565468835,15,51,0,342.3673981,1.164305589,12,A:16 ;A:17 ;A:18 ;A:19 ;A:20 ;A:21 ;B:27 ;B:28 ;B:29 ;B:30 ;B:31 ;B:32 ,4,-11.33
4KQY_cleaned.pdb,A,SAM_A201,119,40,27,33,19,50.42,-40.3,19626.81,23.9,141.23,147.42,0.11,16,340,0.58,3.53,A,SAM,201,C[S@@H](CC[C@H](N)C(O)O)C[C@H]1O[C@@H](N2CNC3C(N)NCNC32)[C@H](O)[C@@H]1O,410.54,-4.92,181.52,10,11,14,0,9,61,27,3.559754883,2730.181358,2997.865424,4676.585122,3.379670779,1.37E-18,0.169076028,-0.387507442,0.213417025,319.5408077,163.3894854,156.1513223,242.7086217,SAM_A201_ligand.pdb,SAM_A201_ligand.html,384,4.28,0.514749529,779,5.165935691,0.559132661,18,46,0,323.2201278,0.922257745,16,A:6 ;A:7 ;A:8 ;A:10 ;A:11 ;A:12 ;A:45 ;A:46 ;A:47 ;A:48 ;A:78 ;A:79 ;A:80 ;A:111 ;A:112 ;A:113 ,6,-11.25
4L81_cleaned.pdb,A,SAM_A101,96,23,29,36,8,67.71,-43.1,15583.14,21.99,128.38,43.5,0.08,16,336,0.61,3.55,A,SAM,101,C[S@@H](CC[C@H](N)C(O)O)C[C@H]1O[C@@H](N2CNC3C(N)NCNC32)[C@H](O)[C@@H]1O,410.54,-4.92,181.52,10,11,14,0,9,61,27,3.556527329,2579.15691,3112.981552,4693.63468,2.28017476,1.37E-18,0.169076028,-0.387507442,0.213417025,320.4316431,160.7861799,159.6454632,266.6804082,SAM_A101_ligand.pdb,SAM_A101_ligand.html,388,4.28,0.523785452,767,5.186839171,0.566441763,18,50,0,332.2293453,0.923227433,16,A:3 ;A:4 ;A:5 ;A:7 ;A:8 ;A:9 ;A:24 ;A:25 ;A:26 ;A:27 ;A:47 ;A:48 ;A:49 ;A:68 ;A:69 ;A:70 ,6,-7.08
4LVV_cleaned.pdb,A,FFO_A102,89,23,17,29,20,51.69,-29.1,14653.75,22.82,291.14,92.31,0.34,7,154,0.44,3.64,A,FFO,102,NC1NC(O)C2C(NC[C@H](CNC3CCC(C(O)N[C@@H](CCC(O)O)C(O)O)CC3)N2CO)N1,493.61,-5.52,231.02,13,14,19,0,7,77,34,5.547621704,1842.393741,13930.79063,14609.35735,25.11335392,-3.60E-19,0.168081834,-0.381115788,0.213417179,393.6493037,211.3505301,182.2987736,334.5762481,FFO_A102_ligand.pdb,FFO_A102_ligand.html,323,4.17,0.536013872,482,5.108450129,0.562830312,16,46,0,240.0399605,5.923025562,7,A:24 ;A:25 ;A:26 ;A:52 ;A:53 ;A:54 ;A:68 ,3,-8.66
4LVW_cleaned.pdb,A,7DG_A102,89,23,17,29,20,51.69,-29.1,14672.72,22.91,296.43,93.33,0.34,7,154,0.46,3.51,A,7DG,102,NC1NC(O)C2CCNC2N1,158.21,-2.32,82.34,5,5,2,0,4,25,11,2.227145638,287.2718688,508.9927704,773.185185,3.180411234,2.22E-18,0.160952419,-0.378114635,0.21224543,123.3143163,73.23890003,50.07541625,-78.98183159,7DG_A102_ligand.pdb,7DG_A102_ligand.html,223,4.2,0.542792743,314,5.115422984,0.548738178,10,21,0,130.9423544,1.795362495,7,A:24 ;A:25 ;A:26 ;A:52 ;A:53 ;A:54 ;A:68 ,3,-5.72
4LVX_cleaned.pdb,A,H4B_A101,89,23,17,29,20,51.69,-29.1,14690.05,22.98,298.69,94.42,0.34,7,154,0.48,3.54,A,H4B,101,C[C@H](O)[C@H](O)[C@H]1CNC2NC(N)NC(O)C2N1,247.3,-4.26,134.83,8,8,7,0,7,38,17,3.062062004,538.8232585,1907.796537,2190.841704,6.741568137,7.30E-19,0.176492184,-0.390660381,0.212314979,197.562246,120.2601478,77.30209825,119.7726691,H4B_A101_ligand.pdb,H4B_A101_ligand.html,276,4.18,0.534476031,427,5.119042053,0.560814873,16,31,0,182.1352248,2.137494602,7,A:24 ;A:25 ;A:26 ;A:52 ;A:53 ;A:54 ;A:68 ,3,-7.15
4LVY_cleaned.pdb,A,LYA_A101,89,23,17,29,20,51.69,-29.1,14633.96,22.91,298.27,90.81,0.35,7,154,0.44,3.66,A,LYA,101,NC1NC(O)C2C(CCC3CCC(C(N)O)CC3)CNC2N1,313.45,-1.23,128.59,7,7,8,0,6,53,22,4.594259671,632.2181662,6124.317992,6475.412411,16.9813639,8.90E-18,0.137469237,-0.378553216,0.21224568,252.6083555,110.2485164,142.3598391,89.74925404,LYA_A101_ligand.pdb,LYA_A101_ligand.html,281,4.17,0.536377519,428,5.127407614,0.552113234,13,50,0,193.7018411,4.431810571,7,A:24 ;A:25 ;A:26 ;A:52 ;A:53 ;A:54 ;A:68 ,3,-7.16
4LW0_cleaned.pdb,A,ADE_A101,89,23,17,29,20,51.69,-29.1,14661.69,22.93,298.41,92.69,0.35,8,171,0.6,3.5,A,ADE,101,NC1NCNC2NCNC12,143.19,-2.73,74.14,5,5,1,0,3,23,10,1.995443521,237.4967066,343.9066821,558.9348735,1.624099912,-6.64E-18,0.157741,-0.314471554,0.125106438,108.7320216,66.92172039,41.8103012,61.73272982,ADE_A101_ligand.pdb,ADE_A101_ligand.html,221,4.23,0.541224601,343,5.134593212,0.559006399,11,26,0,130.7645929,1.820477678,8,A:7 ;A:8 ;A:35 ;A:41 ;A:42 ;A:44 ;A:78 ;A:79 ,6,-7.13
4LX5_cleaned.pdb,A,29G_A501,71,20,15,14,22,40.85,-20.3,11606.48,20.22,245.37,45.62,0.37,9,186,0.43,2.4,A,29G,501,NC1NC(N)C2CNCNC2N1,172.24,-3.2,100.16,6,6,2,0,4,28,12,2.326711596,317.6167494,627.2761142,919.9362261,2.893520918,-5.95E-18,0.156956317,-0.315466284,0.126666181,131.1212398,84.00973352,47.11150633,-152.2003181,29G_A501_ligand.pdb,29G_A501_ligand.html,301,4.18,0.541220059,451,5.132832896,0.576348496,18,43,0,183.4062068,0.54934688,9,A:21 ;A:22 ;A:47 ;A:50 ;A:51 ;A:52 ;A:73 ;A:74 ;A:75 ,4,-9.77
4NYB_cleaned.pdb,A,2QC_A101,79,18,20,25,16,56.96,-24.1,12163.44,19.79,180.16,66.11,0.23,8,171,0.53,2.47,A,2QC,101,NC[C@H]1CC[C@@H]([C@H]2CSNN2)CC1,201.34,0.88,50.08,3,4,3,0,1,32,13,2.967744596,204.7738203,1597.002714,1744.813168,5.765240127,3.47E-18,0.09932706,-0.330197388,0.155349533,148.0942048,41.79029398,106.3039109,318.3571073,2QC_A101_ligand.pdb,2QC_A101_ligand.html,273,4.22,0.484875018,396,5.065416559,0.575544771,4,42,0,193.9503144,1.548612346,8,A:19 ;A:20 ;A:39 ;A:40 ;A:42 ;A:43 ;A:73 ;A:74 ,5,-6.09
4NYC_cleaned.pdb,A,SVN_A101,79,18,20,25,16,56.96,-24.1,12357.44,19.79,180.22,64.23,0.23,7,151,0.53,2.48,A,SVN,101,N[C@H]1CSC2NCCNC21,159.26,-1.05,50.08,3,4,1,0,3,23,10,2.084795283,261.1982406,441.795753,681.39483,2.955056119,-8.45E-18,0.131723738,-0.325555426,0.123403737,112.8558193,41.955883,70.89993626,323.211221,SVN_A101_ligand.pdb,SVN_A101_ligand.html,211,4.18,0.503149309,305,5.078245057,0.601739152,5,43,0,149.5282583,2.316432951,7,A:19 ;A:20 ;A:39 ;A:40 ;A:42 ;A:43 ;A:73 ,5,-5.23
4OQU_cleaned.pdb,A,SAM_A101,97,24,29,37,7,68.04,-43.3,15864.92,22.32,146.62,41.15,0.09,17,359,0.62,3.51,A,SAM,101,C[S@@H](CC[C@H](N)C(O)O)C[C@H]1O[C@@H](N2CNC3C(N)NCNC32)[C@H](O)[C@@H]1O,410.54,-4.92,181.52,10,11,14,0,9,61,27,3.62198612,2731.170697,3081.348608,4959.07765,4.173346197,1.37E-18,0.169076028,-0.387507442,0.213417025,318.7661783,159.5750735,159.1911048,247.8252399,SAM_A101_ligand.pdb,SAM_A101_ligand.html,383,4.24,0.515658313,785,5.183867746,0.567681285,18,51,0,331.4044307,0.731235388,17,A:3 ;A:4 ;A:5 ;A:7 ;A:8 ;A:9 ;A:24 ;A:25 ;A:26 ;A:27 ;A:46 ;A:47 ;A:48 ;A:49 ;A:68 ;A:69 ;A:70 ,6,-8.71
4QK8_cleaned.pdb,A,2BA_A202,120,32,28,36,24,53.33,-39.1,19072.85,23.74,115.95,110.41,0.07,17,367,0.59,3.73,A,2BA,202,NC1NCNC2C1NCN2[C@@H]1O[C@@H]2CO[PH](O)(O)O[C@H]3[C@@H](O)[C@H](N4CNC5C(N)NCNC54)O[C@@H]3CO[PH](O)(O)O[C@H]2[C@H]1O,678.58,-8.25,307.46,14,22,10,0,14,88,44,5.825178321,8237.186724,17109.54801,20705.23602,72.04806679,1.37E-18,0.168965028,-0.387507442,0.213417025,479.6101865,301.0550561,178.5551304,255.7032,2BA_A202_ligand.pdb,2BA_A202_ligand.html,586,4.27,0.552544085,1057,5.168683687,0.542135509,25,63,0,442.3885575,1.769806408,17,A:9 ;A:23 ;A:24 ;A:25 ;A:26 ;A:40 ;A:41 ;A:42 ;A:43 ;A:44 ;A:87 ;A:88 ;A:89 ;A:93 ;A:101 ;A:102 ;A:103 ,7,-7.86
4QLM_cleaned.pdb,A,2BA_A203,108,27,31,34,16,60.19,-37.4,17848.54,23.61,122.39,129.65,0.09,18,385,0.5,3.45,A,2BA,203,NC1NCNC2C1NCN2[C@@H]1O[C@@H]2CO[PH](O)(O)O[C@H]3[C@@H](O)[C@H](N4CNC5C(N)NCNC54)O[C@@H]3CO[PH](O)(O)O[C@H]2[C@H]1O,678.58,-8.25,307.46,14,22,10,0,14,88,44,5.539360751,5416.551509,17734.51908,18492.60648,56.89985288,1.37E-18,0.171365028,-0.387507442,0.213417025,477.8463146,305.0553631,172.7909516,307.9685,2BA_A203_ligand.pdb,2BA_A203_ligand.html,672,4.23,0.54966838,1202,5.156539085,0.55918823,33,81,0,485.6525409,1.454264831,18,A:6 ;A:7 ;A:8 ;A:9 ;A:45 ;A:68 ;A:69 ;A:70 ;A:71 ;A:72 ;A:73 ;A:83 ;A:84 ;A:85 ;A:109 ;A:110 ;A:111 ;A:112 ,8,-9.46
4QLN_cleaned.pdb,A,2BA_A201,117,29,33,39,16,61.54,-40.4,19472.06,24.19,114.58,127.42,0.07,18,385,0.5,3.55,A,2BA,201,NC1NCNC2C1NCN2[C@H]1C[C@@H]2O[PH](O)(O)OC[C@H]3O[C@@H](N4CNC5C(N)NCNC54)C[C@@H]3O[PH](O)(O)OC[C@H]2O1,646.58,-6.19,267,12,20,8,0,12,86,42,5.491146499,4715.69363,16794.78225,17481.77655,57.90594378,-3.60E-19,0.177956834,-0.381115788,0.213417179,461.3736452,271.597655,189.7759902,288.9641235,2BA_A201_ligand.pdb,2BA_A201_ligand.html,618,4.26,0.539595193,1122,5.175120417,0.548612273,25,75,0,462.9930064,1.720581397,18,A:6 ;A:7 ;A:8 ;A:9 ;A:45 ;A:68 ;A:69 ;A:70 ;A:71 ;A:72 ;A:73 ;A:83 ;A:84 ;A:85 ;A:109 ;A:110 ;A:111 ;A:112 ,7,-7.94
4RZD_cleaned.pdb,A,PRF_A201,98,20,30,29,19,60.2,-35.1,18197.26,28.21,192.91,320.52,0.18,8,253,0.76,3.26,A,PRF,201,NCC1CNC2NC(N)NC(O)C12,187.25,-3.14,108.36,6,6,4,0,5,30,13,2.50982726,391.3965506,811.218597,1156.409768,4.002928161,4.63E-19,0.161981871,-0.378102306,0.21224569,210.4754377,45.8411392,164.6342985,48.39734392,PRF_A201_ligand.pdb,PRF_A201_ligand.html,283,4.16,0.517165242,409,5.098609662,0.569399321,15,43,0,254.6386955,1.403487535,8,A:6 ;A:7 ;A:8 ;A:16 ;A:17 ;A:18 ;A:84 ;A:85 ,3,-8.93
4TS0_cleaned.pdb,Y,38E_Y206,46,7,10,17,12,58.7,-13,10295.1,27.94,598.04,46.41,0.59,5,110,0.19,2.57,Y,38E,206,CC1NC(CC2CC(F)C(O)C(F)C2)[C@@H](O)N1C,264.32,0.39,55.73,3,4,6,0,5,40,18,3.571204833,592.2576894,2798.327497,3351.325118,9.026746553,-1.39E-18,0.140090682,-0.387047875,0.212321988,210.6454403,54.55801358,156.0874268,370.2082626,38E_Y206_ligand.pdb,38E_Y206_ligand.html,435,4.13,0.52947431,592,5.059860015,0.602332411,11,100,0,293.1500122,0.502544566,10,X:25 ;X:26 ;X:30 ;X:31 ;X:32 ;Y:61 ;Y:64 ;Y:65 ;Y:69 ;Y:70 ,7,-8.56
4TS2_cleaned.pdb,Y,38E_Y204,46,7,10,17,12,58.7,-13,10204.52,27.96,608.57,41.64,0.61,5,110,0.15,1.51,Y,38E,204,CC1NC(CC2CC(F)C(O)C(F)C2)[C@@H](O)N1C,264.32,0.39,55.73,3,4,6,0,5,40,18,3.643212722,597.208995,2931.638845,3487.684133,9.64114156,-1.39E-18,0.140090682,-0.387047875,0.212321988,211.6416724,54.82355125,156.8181212,379.3026773,38E_Y204_ligand.pdb,38E_Y204_ligand.html,434,4.11,0.547028506,573,5.056026481,0.592358425,11,99,0,286.2320084,0.508826459,10,X:25 ;X:26 ;X:30 ;X:31 ;X:32 ;Y:61 ;Y:64 ;Y:65 ;Y:69 ;Y:70 ,7,-8.56
4V7V_cleaned.pdb,B,CLY_B3135,2854,750,627,898,579,53.43,-1071.5,385450.42,65.44,501.44,530.49,0.03,11,237,0.43,2.57,B,CLY,3135,ClC(C)C(NC(=O)C1N(C)CC(CCC)C1)C2OC(SC)C(O)C(O)C2O,424.55,-3.12,49.63,4,5,8,0,0,0,0,4.1652,588.6374,2596.7456,3485.9635,10.86746,2.22E-18,0.160952419,-0.378114635,0.21224543,346.4245178,102.9500721,243.4744457,501.7896,CLY_B3135_ligand.pdb,CLY_B3135_ligand.html,336,4.31,0.5091088,661,5.177618875,0.542792259,10,44,0,289.6374,3.640934994,11,B:2057 ;B:2058 ;B:2059 ;B:2061 ;B:2451 ;B:2452 ;B:2503 ;B:2504 ;B:2505 ;B:2506 ;B:2611 ,1,-6.95
4W90_cleaned.pdb,C,2BA_C201,101,25,27,31,18,57.43,-36.1,16941.19,22.62,143.77,123.89,0.12,16,351,0.52,2.74,C,2BA,201,NC1NCNC2C1NCN2[C@@H]1O[C@@H]2CO[PH](O)(O)O[C@H]3[C@@H](O)[C@H](N4CNC5C(N)NCNC54)O[C@@H]3CO[PH](O)(O)O[C@H]2[C@H]1O,678.58,-8.25,307.46,14,22,10,0,14,88,44,18.02077396,10812.87377,212055.6556,217865.5665,2253.034139,7.30E-19,0.176492184,-0.390660381,0.212314979,483.2896898,307.0394831,176.2502067,475.8465,2BA_C201_ligand.pdb,2BA_C201_ligand.html,585,4.26,0.542943798,1062,5.153409373,0.549194364,25,63,0,450.7684877,1.581560382,16,C:9 ;C:25 ;C:26 ;C:27 ;C:28 ;C:59 ;C:60 ;C:61 ;C:62 ;C:63 ;C:94 ;C:95 ;C:96 ;C:100 ;C:109 ;C:110 ,6,-10.23
4W92_cleaned.pdb,C,2BA_C209,96,21,28,31,16,61.46,-37,16267.4,22.52,183.51,98.17,0.16,16,351,0.5,2.72,C,2BA,209,NC1NCNC2C1NCN2[C@@H]1O[C@@H]2CO[PH](O)(O)O[C@H]3[C@@H](O)[C@H](N4CNC5C(N)NCNC54)O[C@@H]3CO[PH](O)(O)O[C@H]2[C@H]1O,678.58,-8.25,307.46,14,22,10,0,14,88,44,40.67812871,9766.117982,1116064.639,1119869.059,12235.55759,8.90E-18,0.137469237,-0.378553216,0.21224568,482.5325256,306.3797991,176.1527265,389.74612,2BA_C209_ligand.pdb,2BA_C209_ligand.html,587,4.26,0.545997223,1032,5.139094916,0.548305718,33,68,0,448.9427037,1.941020571,16,C:9 ;C:25 ;C:26 ;C:27 ;C:28 ;C:59 ;C:60 ;C:61 ;C:62 ;C:63 ;C:94 ;C:95 ;C:96 ;C:100 ;C:109 ;C:110 ,7,-7.62
4XWF_cleaned.pdb,A,AMZ_A101,64,12,20,25,7,70.31,-29.7,11822.7,25.69,514.37,8.56,0.61,5,105,0.29,2.35,A,AMZ,101,NC(O)C1NCN([C@@H]2O[C@H](CO[PH](O)(O)O)[C@@H](O)[C@H]2O)C1N,346.28,-5.37,207.15,9,12,13,0,7,45,22,4.222177434,1441.757224,5258.802817,5645.449339,24.12738928,-6.64E-18,0.157741,-0.314471554,0.125106438,262.855232,188.5747961,74.28043583,388.74652,AMZ_A101_ligand.pdb,AMZ_A101_ligand.html,144,4.15,0.560700533,189,5.111342632,0.572769897,6,20,0,126.1703,5.64281503,5,A:10 ;A:11 ;A:12 ;A:28 ;A:29 ,4,-8.14
4YB0_cleaned.pdb,A,C2E_A102,83,24,23,24,12,56.63,-28,13453.83,21.2,241.86,75.9,0.31,15,326,0.38,2.43,A,C2E,102,NC1NC(O)C2NCN([C@@H]3O[C@@H]4CO[PH](O)(O)O[C@H]5[C@@H](O)[C@H](N6CNC7C(O)NC(N)NC76)O[C@@H]5CO[PH](O)(O)O[C@H]4[C@H]3O)C2N1,710.58,-9.61,347.92,16,24,12,0,16,90,46,12.40673214,8880.115382,103116.7528,106756.7991,1027.709403,-5.95E-18,0.156956317,-0.315466284,0.126666181,506.7089582,341.0704814,165.6384769,401.87965,C2E_A102_ligand.pdb,C2E_A102_ligand.html,752,4.22,0.51256709,1154,5.100631308,0.563458438,31,89,0,545.6942758,1.838567472,15,A:8 ;A:9 ;A:11 ;A:12 ;A:13 ;A:14 ;A:15 ;A:40 ;A:41 ;A:42 ;A:43 ;A:44 ;A:74 ;A:75 ;A:76 ,7,-7.41
4ZC7_cleaned.pdb,A,PAR_A101,21,4,6,7,4,61.91,-2.1,5116.99,17.77,211.16,14.74,0.45,6,129,0.16,1.42,A,PAR,101,N[C@H]1[C@@H](O[C@H]2[C@H](O[C@@H]3O[C@H](CO)[C@@H](O)[C@H]3O)[C@@H](O)[C@H](N)C[C@@H]2N)O[C@H](CO)[C@@H](O)[C@@H]1O,455.46,-6.62,256.59,10,14,16,0,14,64,31,3.921079517,2862.52453,4865.954593,6276.823265,5.769223013,7.81E-18,0.19832051,-0.393566529,0.210848929,367.854065,227.0749559,140.7791091,374.2282771,PAR_A101_ligand.pdb,PAR_A101_ligand.html,273,4.26,0.563289603,498,5.171933555,0.566076973,13,19,0,262.6995609,2.353230299,11,A:16 ;A:17 ;A:18 ;A:19 ;A:20 ;A:21 ;B:28 ;B:29 ;B:30 ;B:31 ;B:32 ,4,-8.37
4ZNP_cleaned.pdb,A,AMZ_A101,73,21,17,24,11,56.16,-23.3,12567.87,20.03,194.42,27.31,0.24,10,213,0.52,3.45,A,AMZ,101,NC(O)C1NCN([C@@H]2O[C@H](CO[PH](O)(O)O)[C@@H](O)[C@H]2O)C1N,346.28,-5.37,207.15,9,12,13,0,7,45,22,5.137647208,4117.484434,5202.674619,8960.093844,79.75254089,8.10E-14,0.187456,-0.299874,0.317452,262.9878035,188.074594,74.91320956,205.86715,AMZ_A101_ligand.pdb,AMZ_A101_ligand.html,387,4.13,0.545153267,547,5.084827019,0.553352225,21,57,0,255.514361,2.774019956,10,A:12 ;A:13 ;A:14 ;A:30 ;A:31 ;A:59 ;A:60 ;A:65 ;A:66 ;A:67 ,7,-5.91
5BJP_cleaned.pdb,Y,747_Y104,36,7,8,17,4,69.44,-9.1,5937.82,13.89,94.77,11.8,0.24,6,136,0.19,2.51,Y,747,104,CN1C(CNO)NC(CC2CC(F)C(O)[C@@H](F)C2)C1O,295.33,-0.65,87.99,5,6,8,0,7,43,20,3.78812424,808.4304402,3450.702374,4216.770411,9.17524656,1.29E-18,0.153379621,-0.387047875,0.23750731,230.0485496,84.83368548,145.2148641,561.8581536,747_Y104_ligand.pdb,747_Y104_ligand.html,547,4.19,0.509015533,721,5.057458451,0.581098078,12,106,0,341.057099,0.533268833,12,E:11 ;E:12 ;E:14 ;E:15 ;E:22 ;E:25 ;Y:11 ;Y:12 ;Y:15 ;Y:22 ;Y:24 ;Y:25 ,11,-7.75
5BTP_cleaned.pdb,A,AMZ_A106,62,18,13,18,13,50,-11.7,10388.95,18.49,182.39,2.37,0.28,9,191,0.61,3.51,A,AMZ,106,NC(O)C1NCN([C@@H]2O[C@H](CO[PH](O)(O)O)[C@@H](O)[C@H]2O)C1N,346.28,-5.37,207.15,9,12,13,0,7,45,22,5.517446063,5234.971867,6129.901898,9718.001275,103.3133822,1.37E-18,0.169076028,-0.387507442,0.213417025,266.5801574,189.7619609,76.81819654,325.71035,AMZ_A106_ligand.pdb,AMZ_A106_ligand.html,354,4.16,0.538769703,482,5.085385699,0.565371382,19,52,0,250.4782478,3.07097858,9,A:15 ;A:16 ;A:17 ;A:34 ;A:35 ;A:63 ;A:69 ;A:70 ;A:71 ,6,-7.61
5C45_cleaned.pdb,Y,51B_X105,56,18,8,15,15,41.07,-8.5,11380.62,22.21,120.36,151.06,0.13,6,133,0.29,2.27,X,51B,105,CNC1NCC(CN2CCC[C@H]([C@@H]3NC(O)CC(C4CCCS4)N3)C2)CN1,398.62,-0.5,83.62,6,8,7,0,5,65,27,3.815723862,2436.341678,3558.690251,5612.611158,5.323081861,-5.66E-18,0.117318433,-0.378508641,0.212228483,301.7479818,83.3815151,218.3664667,220.0273082,51B_X105_ligand.pdb,51B_X105_ligand.html,416,4.25,0.4782169,664,5.102671332,0.576395888,3,96,0,327.9714377,1.138118577,11,X:10 ;X:11 ;X:47 ;X:48 ;X:49 ;Y:61 ;Y:62 ;Y:84 ;Y:85 ;Y:98 ;Y:99 ,7,-11.15
5C7W_cleaned.pdb,C,HPA_C109,65,17,16,16,16,49.23,-17.9,11076.12,19.05,201.27,47.96,0.32,9,186,0.43,2.37,C,HPA,109,OC1NCNC2NCNC12,144.18,-2.7,68.35,5,5,1,0,3,22,10,1.950463077,218.1681941,340.9204178,537.9059109,2.018789661,0,0.170508817,-0.37678844,0.212313893,105.931333,65.5684948,40.36283824,144.7405039,HPA_C109_ligand.pdb,HPA_C109_ligand.html,228,4.22,0.510534201,353,5.075454297,0.569859611,14,27,0,154.9919443,0.419491389,9,C:21 ;C:22 ;C:47 ;C:50 ;C:51 ;C:52 ;C:73 ;C:74 ;C:75 ,4,-9.62
5FK4_cleaned.pdb,A,SAM_A1094,93,27,22,30,14,55.91,-32.7,15106.44,20.65,129.22,87.7,0.12,16,344,0.55,3.5,A,SAM,1094,C[S@@H](CC[C@H](N)CO)C[C@H]1O[C@@H](N2CNC3C(N)NCNC32)[C@H](O)[C@@H]1O,394.54,-4.23,161.29,9,10,13,0,9,60,26,3.553733661,2389.578761,3062.731635,4513.049537,4.201324675,5.09E-18,0.161049563,-0.394763975,0.210791731,310.8543746,145.0036597,165.8507149,223.9712356,SAM_A1094_ligand.pdb,SAM_A1094_ligand.html,375,4.28,0.526573494,713,5.188691188,0.55077803,16,43,0,318.1674054,0.519188412,16,A:6 ;A:7 ;A:8 ;A:10 ;A:11 ;A:12 ;A:45 ;A:46 ;A:47 ;A:56 ;A:57 ;A:58 ;A:59 ;A:87 ;A:88 ;A:89 ,6,-8.62
5KPY_cleaned.pdb,A,4PQ_A101,71,18,16,19,18,49.3,-22.6,11979.8,20.2,222.74,60.76,0.31,10,208,0.52,3.59,A,4PQ,101,N[C@@H](CC1CNC2CCC(O)CC12)C(O)O,230.31,-1.24,98.74,5,5,7,0,5,38,16,2.96560362,464.3331515,1675.70426,1910.990409,5.346674283,-5.11E-18,0.151547645,-0.393118155,0.213417022,184.8886081,83.98219024,100.9064179,347.1713385,4PQ_A101_ligand.pdb,4PQ_A101_ligand.html,266,4.2,0.511130423,380,5.093964347,0.572807051,6,60,0,211.9563417,2.257827208,10,A:21 ;A:22 ;A:24 ;A:25 ;A:45 ;A:46 ;A:48 ;A:49 ;A:50 ;A:51 ,8,-7.38
5WNV_cleaned.pdb,A,B6M_A1856,1498,308,420,541,229,64.15,-722,209235.99,64.93,2187.74,631.17,0.29,12,258,0.33,2.65,A,B6M,1856,NC[C@@H]1O[C@@H](O[C@@H]2[C@@H](O)[C@@H](O[C@H]3[C@@H](O)[C@H](N)C[C@@H](N)[C@H]3O[C@H]3O[C@H](CO)[C@@H](O)[C@@H](O)[C@H]3N)O[C@H]2CO)[C@H](N)[C@@H](O)[C@H]1O,615.63,-8.86,347.32,13,19,22,0,19,87,42,5.003980972,3607.337772,12564.76951,14658.62867,16.24949292,6.38E-18,0.19524038,-0.393566529,0.210849173,487.2898082,299.1305636,188.1592446,663.4880855,B6M_A1856_ligand.pdb,B6M_A1856_ligand.html,291,4.28,0.528960448,601,5.182360056,0.559463038,13,26,0,301.0842483,2.300965607,12,A:1405 ;A:1406 ;A:1408 ;A:1409 ;A:1489 ;A:1490 ;A:1491 ;A:1492 ;A:1493 ;A:1494 ;A:1495 ;A:1496 ,5,-12.5
5XZ1_cleaned.pdb,A,GET_A101,22,4,7,7,4,63.64,-2.1,5391.41,18.55,234.11,18.17,0.47,6,129,0.15,1.47,A,GET,101,CN[C@@H]1[C@@H](O)[C@@H](O[C@@H]2[C@@H](O)[C@H](O[C@H]3O[C@H]([C@@H](C)O)[C@@H](O)[C@H](O)[C@H]3N)[C@@H](N)C[C@H]2N)OC[C@]1(C)O,496.56,-5.61,248.39,10,14,18,0,15,74,34,4.837007733,2138.935599,10041.01519,11055.63052,17.63315073,-1.88E-18,0.180968643,-0.390604371,0.211045798,421.6689531,228.6627124,193.0062407,336.2066848,GET_A101_ligand.pdb,GET_A101_ligand.html,339,4.29,0.514570535,656,5.155692747,0.562329246,14,37,0,371.0664286,0.773687952,12,A:16 ;A:17 ;A:18 ;A:19 ;A:20 ;A:21 ;B:27 ;B:28 ;B:29 ;B:30 ;B:31 ;B:32 ,4,-6.52
5Z1I_cleaned.pdb,A,FSJ_A301,21,2,8,9,2,80.95,-7.1,5179.61,18.66,240.18,17.46,0.48,6,126,0.38,1.48,A,FSJ,301,CN[C@@H]1[C@@H](O)[C@@H](O[C@@H]2[C@@H](O)[C@H](O[C@H]3OC(CF)CC[C@H]3N)[C@@H](N)C[C@H]2N)OC[C@]1(C)O,452.52,-2.97,187.7,7,11,14,0,12,68,31,4.569549217,1872.006621,8091.827805,8934.27379,14.43283183,-4.49E-18,0.165948046,-0.387562324,0.211045798,387.425859,172.7233233,214.7025356,339.5606647,FSJ_A301_ligand.pdb,FSJ_A301_ligand.html,159,4.25,0.551582457,315,5.194229191,0.538701681,7,15,0,192.3464644,4.986261044,6,A:4 ;A:5 ;A:6 ;A:7 ;A:8 ;A:9 ,1,-8.93
6AZ1_cleaned.pdb,1,PAR_12302,1724,481,374,463,406,48.55,-564.9,272084.71,71.14,2683.3,667.12,0.29,13,277,0.35,2.71,1,PAR,2302,NC[C@@H]1O[C@H](O[C@H]2[C@@H](O)[C@H](O[C@@H]3[C@@H](O)[C@H](N)C[C@H](N)[C@H]3O[C@H]3O[C@H](CO)[C@@H](O)[C@H](O)[C@H]3N)O[C@@H]2CO)[C@H](N)[C@@H](O)[C@@H]1O,615.63,-8.86,347.32,13,19,22,0,19,87,42,4.824539884,4271.046241,10797.89831,13590.27731,13.54839088,6.38E-18,0.19524038,-0.393566529,0.210849173,489.0067621,301.9074791,187.099283,514.9346483,PAR_12302_ligand.pdb,PAR_12302_ligand.html,295,4.34,0.478734607,604,5.162313144,0.554353198,15,24,0,308.2865226,2.251626262,13,1:2062 ;1:2063 ;1:2064 ;1:2065 ;1:2066 ;1:2155 ;1:2156 ;1:2157 ;1:2158 ;1:2159 ;1:2160 ;1:2161 ;1:2162 ,4,-9.05
6C63_cleaned.pdb,A,EKJ_A101,36,13,4,17,2,58.33,-6.4,6532.6,14.99,118.04,25.2,0.29,9,202,0.15,2.33,A,EKJ,101,COCCNC(O)CN1C(CC2CCN(C)C3CCCCC23)SC2CCCCC21,425.68,3.13,47.97,2,6,11,0,7,72,29,4.331212082,3324.596455,4703.592957,7942.924307,8.838999824,1.54E-18,0.101117595,-0.383368552,0.212295146,459.8180608,38.66963518,421.1484256,1158.057157,EKJ_A101_ligand.pdb,EKJ_A101_ligand.html,418,4.31,0.432016856,743,5.101852065,0.583465808,0,106,0,493.6903113,1.019043596,9,A:12 ;A:13 ;A:17 ;A:18 ;A:22 ;A:23 ;A:24 ;A:28 ;A:29 ,9,-11.83
6C64_cleaned.pdb,A,EKM_A101,36,13,4,17,2,58.33,-6.4,6525.48,14.94,116.24,25.36,0.28,9,202,0.29,3.79,A,EKM,101,CN1CCC(CCCC2SC3CCCCC3N2C)C2CCCCC21,350.62,4.98,6.48,0,3,6,0,6,62,24,4.263745364,879.5229887,5551.438987,6317.102368,15.42736727,2.24E-19,0.065907748,-0.303122863,0.058511516,266.6023993,12.25145163,254.3509477,508.9937751,EKM_A101_ligand.pdb,EKM_A101_ligand.html,394,4.35,0.455737212,667,5.048235379,0.558992465,0,91,0,279.9950244,0.933505152,9,A:12 ;A:13 ;A:17 ;A:18 ;A:22 ;A:23 ;A:24 ;A:28 ;A:29 ,8,-13.25
6C65_cleaned.pdb,A,EKJ_A101,36,12,4,17,3,58.33,-6.4,6455.62,14.84,114.35,25.42,0.28,9,200,0.13,2.33,A,EKJ,101,COCCNC(O)CN1C(CC2CCN(C)C3CCCCC23)SC2CCCCC21,425.68,3.13,47.97,2,6,11,0,7,72,29,4.547884314,3091.019372,5763.93825,8754.059676,11.40043542,1.54E-18,0.101117595,-0.383368552,0.212295146,453.9579513,34.52919076,419.4287606,1184.602096,EKJ_A101_ligand.pdb,EKJ_A101_ligand.html,442,4.3,0.439855711,746,5.095355423,0.565822316,0,110,0,515.3682667,0.756197732,9,A:12 ;A:13 ;A:17 ;A:18 ;A:22 ;A:23 ;A:24 ;A:28 ;A:29 ,9,-12.77
6C8E_cleaned.pdb,B,EQ1_A101,10,3,2,2,3,40,0,2451.44,10.75,56.28,22.76,0.27,1,23,0.06,1.38,A,EQ1,101,NC1N[C@H](O)[C@@H]2NCN([C@@H]3O[C@H](CO[PH](O)(O)N4CCN([PH](O)(O)OC[C@H]5O[C@@H](N6CNC7C6N[C@H](N)N[C@@H]7O)[C@H](O)[C@@H]5O)C4N)[C@@H](O)[C@H]3O)[C@H]2N1,797.7,-11.82,402.42,19,27,23,0,17,105,52,6.097016975,10909.05778,21859.56449,26538.31339,139.5291697,6.38E-18,0.19524038,-0.393566529,0.210849173,567.1398887,375.9364429,191.2034458,1189.6352,EQ1_A101_ligand.pdb,EQ1_A101_ligand.html,123,4.23,0.486769516,181,5.074230407,0.593420493,2,18,0,104.6284122,6.811134716,1,B:14 ,1,-9.22
6CK4_cleaned.pdb,A,G4P_A214,101,28,22,29,22,50.5,-29.4,16806.05,24.16,369.02,60.65,0.41,17,369,0.51,3.34,A,G4P,214,NC1NC(O)C2NCN([C@@H]3O[C@H](CO[PH](O)(O)O[PH](O)(O)O)[C@@H](O[PH](O)(O)O[PH](O)(O)O)[C@H]3O)C2N1,619.29,-7.62,354.26,16,22,23,0,8,69,36,5.356168463,5329.946586,13790.48748,16412.5038,90.80810877,1.54E-18,0.101117595,-0.383368552,0.212295146,436.223216,342.9736274,93.24958862,2001.9674,G4P_A214_ligand.pdb,G4P_A214_ligand.html,235,4.24,0.50686992,484,5.198425028,0.551902031,16,19,0,221.4176751,3.505755881,17,A:4 ;A:5 ;A:6 ;A:7 ;A:48 ;A:49 ;A:74 ;A:75 ;A:76 ;A:77 ;A:78 ;A:97 ;A:99 ;A:100 ;A:104 ;A:105 ;A:106 ,7,-9.75
6CK5_cleaned.pdb,A,PRP_A217,108,29,21,31,27,48.15,-32.2,17639.01,25.28,384.12,93.82,0.38,17,368,0.45,2.45,A,PRP,217,O[C@H]1[C@@H](O[PH](O)(O)O[PH](O)(O)O)O[C@H](CO[PH](O)(O)O)[C@H]1O,396.12,-4.35,239.22,10,14,17,0,4,41,22,5.146088746,929.1902777,9869.805455,10181.02085,119.810634,2.24E-19,0.065907748,-0.303122863,0.058511516,285.749478,233.2013885,52.54808951,1998.5671,PRP_A217_ligand.pdb,PRP_A217_ligand.html,246,4.26,0.573408361,514,5.187915483,0.550716038,25,3,0,264.9215882,2.009299538,17,A:4 ;A:5 ;A:6 ;A:48 ;A:49 ;A:76 ;A:77 ;A:78 ;A:79 ;A:96 ;A:100 ;A:101 ;A:102 ;A:103 ;A:104 ;A:105 ;A:106 ,5,-7.68
6D2U_model1_cleaned.pdb,B,4J5_A11,29,4,9,10,6,65.52,-13.1,5703.51,14.24,99.28,13.75,0.24,3,101,0.59,2.47,A,4J5,11,NC(N)NCC[C@H](N)CO,148.21,-2.51,110.32,5,5,9,0,1,26,10,2.577822942,178.9924905,868.5759851,922.1931473,4.667353054,-8.54E-18,0.165765506,-0.394763618,0.210117869,198.9067175,36.20765379,162.6990637,-47.82052793,4J5_A11_ligand.pdb,4J5_A11_ligand.html,75,4.14,0.567692597,99,5.077202677,0.554908053,4,14,0,112.5047469,3.90666491,3,B:34 ;B:35 ;B:36 ,3,-13.29
6DLT_cleaned.pdb,A,PRP_A207,105,22,24,37,22,58.1,-33.3,16533.57,24.8,348.41,107.74,0.34,20,438,0.59,3.61,A,PRP,207,O[C@H]1[C@@H](O[PH](O)(O)O[PH](O)(O)O)O[C@H](CO[PH](O)(O)O)[C@H]1O,396.12,-4.35,239.22,10,14,17,0,4,41,22,7.588774525,4216.493358,19018.16978,22389.4655,380.0330035,-2.56E-19,0.158679,-0.41325,0.23745,283.0536102,232.3903523,50.66325791,-58.3645,PRP_A207_ligand.pdb,PRP_A207_ligand.html,296,4.27,0.581668575,552,5.212135488,0.531150059,27,2,0,293.337725,1.312056774,20,A:4 ;A:5 ;A:6 ;A:48 ;A:49 ;A:73 ;A:74 ;A:75 ;A:76 ;A:77 ;A:94 ;A:95 ;A:97 ;A:98 ;A:99 ;A:100 ;A:101 ;A:102 ;A:103 ;A:104 ,6,-5.98
6DMC_cleaned.pdb,A,G4P_A201,100,28,22,32,18,54,-36.2,16589.66,25.53,380.19,103.29,0.36,20,433,0.44,3.51,A,G4P,201,NC1NC(O)C2NCN([C@@H]3O[C@H](CO[PH](O)(O)O[PH](O)(O)O)[C@@H](O[PH](O)(O)O[PH](O)(O)O)[C@H]3O)C2N1,619.29,-7.62,354.26,16,22,23,0,8,69,36,6.193089989,7028.582084,19412.36354,21063.84864,148.5927213,-3.52E-20,0.213745,-0.59851,0.301258,436.2485623,345.7833339,90.46522847,201.3258,G4P_A201_ligand.pdb,G4P_A201_ligand.html,291,4.28,0.526485486,529,5.170980224,0.561273867,15,24,0,260.8744108,3.137545447,20,A:2 ;A:3 ;A:4 ;A:5 ;A:6 ;A:43 ;A:44 ;A:69 ;A:70 ;A:71 ;A:72 ;A:73 ;A:74 ;A:92 ;A:93 ;A:94 ;A:96 ;A:97 ;A:98 ;A:99 ,7,-8.62
6E81_cleaned.pdb,A,TFX_A101,36,7,8,17,4,69.44,-9.1,5902.8,13.98,100.34,14.4,0.27,5,114,0.11,1.49,A,TFX,101,CC1CCC2C(C1)SC(C1CCC(N(C)C)CC1)N2C,296.52,3.67,6.48,0,3,6,0,4,52,20,4.062380813,470.188411,4471.618385,4845.227501,17.12610985,2.67E-18,0.070505602,-0.306450761,0.058891451,235.8064815,41.65466284,194.1518187,400.2123069,TFX_A101_ligand.pdb,TFX_A101_ligand.html,217,4.25,0.465952178,303,4.999964366,0.589390227,1,61,0,159.30676,3.343442734,5,A:11 ;A:12 ;A:15 ;A:22 ;A:25 ,5,-7.53
6E84_cleaned.pdb,A,J0D_A102,36,7,8,17,4,69.44,-9.1,5937.14,14.05,100.8,16.06,0.27,4,92,0.11,1.43,A,J0D,102,CN1CCC(CC2SC3CCCCC3N2C)C2CCCCC21,322.56,4.2,6.48,0,3,4,0,6,56,22,3.959612671,765.8991859,4348.022982,5000.675436,13.88927587,0,0.068280601,-0.303122838,0.058522449,240.128576,11.96917708,228.1593989,465.8320904,J0D_A102_ligand.pdb,J0D_A102_ligand.html,204,4.31,0.443397206,336,5.104457167,0.567221175,0,50,0,142.1714678,3.507830187,4,A:12 ;A:15 ;A:22 ;A:25 ,4,-7.98
6E8T_cleaned.pdb,A,HZG_A101,36,9,3,12,12,41.67,-5.3,6183.77,14.14,86.2,22.64,0.2,8,174,0.31,3.58,A,HZG,101,CC(O)CN1C(CC2CCN(C)C3CCCCC23)SC2CCCCC21,366.62,3.95,26.71,1,4,7,0,7,63,25,4.021181693,1385.699774,4701.817227,5768.740394,12.33646903,-1.76E-18,0.086115915,-0.392084108,0.210497715,274.9982901,29.48721716,245.511073,563.3051777,HZG_A101_ligand.pdb,HZG_A101_ligand.html,499,4.23,0.499083095,740,5.101568296,0.58687929,3,128,0,365.5945652,0.723693848,10,A:9 ;A:13 ;A:14 ;A:16 ;A:18 ;A:20 ;A:21 ;A:22 ;D:14 ;D:21 ,7,-10.48
6E8U_cleaned.pdb,B,HZD_B106,37,8,3,15,11,48.65,-4.8,6413.67,13.9,76.39,18.72,0.16,9,194,0.2,2.46,B,HZD,106,CN1CCC(CC2S[C@@H]3CCCCC3N2CC(O)NCCOCCOCCOCCNC(O)CCCC[C@H]2SC[C@H]3NC(O)N[C@H]32)C2CCCCC21,773.16,2.32,142.98,7,14,27,0,12,124,52,9.227224283,4515.160538,62218.81009,64922.97453,74.38803823,9.18E-18,0.121198665,-0.378620478,0.213702271,608.4426562,152.4079527,456.0347035,706.0936409,HZD_B106_ligand.pdb,HZD_B106_ligand.html,644,4.22,0.500851347,945,5.092201325,0.573499124,6,153,0,497.8518862,5.702679131,9,B:9 ;B:13 ;B:14 ;B:16 ;B:18 ;B:19 ;B:20 ;B:21 ;B:22 ,8,-11.9
6GZK_model1_cleaned.pdb,A,FH8_A101,48,10,12,16,10,58.33,-18.5,8571.25,17.34,111.08,73.72,0.18,10,327,0.58,2.46,A,FH8,101,CN(C)C1CCC2C(C1)O[C@@H]1CC(N(C)C)CCC1[C@@H]2[C@@H]1CCC(C(O)O)CC1C(O)O,454.65,1.48,96.63,4,7,13,0,10,78,32,4.32817139,4127.586825,4833.933191,8072.533269,4.865664553,-8.01E-18,0.12358895,-0.374269928,0.21336446,470.5747842,90.27440977,380.3003744,1100.126189,FH8_A101_ligand.pdb,FH8_A101_ligand.html,510,4.15,0.520619677,679,5.056619974,0.577766525,7,135,0,531.8956133,1.378416459,10,A:2 ;A:7 ;A:8 ;A:24 ;A:25 ;A:26 ;A:39 ;A:40 ;A:41 ;A:43 ,7,-9.04
6HBT_cleaned.pdb,A,FXQ_A103,17,3,6,7,1,76.47,-9.7,3538.01,11.14,49.07,12.22,0.16,5,163,0.62,2.27,A,FXQ,103,NC(N)NCCCCNC(N)N,176.27,-2.65,128.14,6,6,11,0,0,32,12,3.686546812,170.2066711,2262.57701,2358.401739,11.86606528,0,0.151602474,-0.303763015,0.125047174,245.2730605,33.37284744,211.900213,-132.7975384,FXQ_A103_ligand.pdb,FXQ_A103_ligand.html,143,4.16,0.531902062,213,5.106934803,0.579194229,9,15,0,170.4556512,4.774245455,5,A:7 ;A:8 ;A:9 ;A:10 ;A:12 ,3,-7.75
6HMO_model1_cleaned.pdb,A,GDZ_A101,9,3,3,1,2,44.44,0,2587.61,14.42,149.94,17.64,0.53,4,125,0.52,2.09,A,GDZ,101,CC1CN2CC(C3CC(O)N4CC(N5CCN(C)CC5)CCC4N3)CC(F)C2N1,410.58,-0.32,57.25,3,7,5,0,8,68,29,5.174659379,903.2691957,10224.12826,10860.99283,25.63553995,2.76E-18,0.115058687,-0.378277728,0.212239272,455.5835813,60.45027782,395.1333035,684.1493013,GDZ_A101_ligand.pdb,GDZ_A101_ligand.html,167,4.22,0.553243003,385,5.241353626,0.537714267,5,18,0,307.7589701,3.912126627,7,A:7 ;A:8 ;A:9 ;A:10 ;B:13 ;B:14 ;B:15 ,2,-6.21
6P2H_cleaned.pdb,A,GNG_A101,68,19,19,16,14,51.47,-15.7,11133.08,19.22,221.49,40.2,0.37,12,249,0.44,2.35,A,GNG,101,NC1NC(O)C2NCN([C@H]3C[C@H](O)[C@@H](CO)O3)C2N1,275.31,-4.23,135.27,7,9,6,0,7,40,19,3.281029768,714.0142493,2407.473017,2806.001587,7.392142861,9.71E-18,0.18046055,-0.393569189,0.212314987,214.7865131,129.5513845,85.23512859,45.15400305,GNG_A101_ligand.pdb,GNG_A101_ligand.html,411,4.19,0.54199655,660,5.123333193,0.566654249,25,53,0,299.0982697,0.707623964,12,A:21 ;A:22 ;A:47 ;A:48 ;A:49 ;A:50 ;A:51 ;A:52 ;A:77 ;A:78 ;A:79 ;A:80 ,3,-10.27
6QN3_cleaned.pdb,A,,50,11,11,17,11,56,-11,10159.84,23.09,401.26,39.47,0.57,0,0,,,,,,,,,,,,,,,,,,,,,,-8.01E-18,0.12358895,-0.374269928,0.21336446,501.692,128.9635,,,,,,,,,,,,,,,,,,,-5.01
6TB7_cleaned.pdb,A,AMP_A101,52,13,15,16,8,59.62,-19.89999962,9251.58,18.75,197.84,45.91,0.33,5,110,0.48,3.47,A,AMP,101,NC1NCNC2C1NCN2[C@@H]1O[C@H](CO[PH](O)(O)O)[C@@H](O)[C@H]1O,357.3,-5.17,184.96,9,12,10,0,7,47,23,4.409159967,1687.395625,5563.956418,6641.12171,15.24730442,0,0.151602474,-0.303763015,0.125047174,509.0811071,363.9030562,145.1780509,55.19856,AMP_A101_ligand.pdb,AMP_A101_ligand.html,92,3.64,0.268067186,476,5.165878853,0.556215485,10,35,0,480.3488778,3.526749239,5,A:6 ;A:7 ;A:8 ;A:47 ;A:48 ,3,-8.99
6TF2_cleaned.pdb,A,ATP_A109,52,13,15,16,8,59.62,-19.89999962,9276.43,18.79,199.62,45.82,0.33,6,130,0.52,3.41,A,ATP,109,NC1NCNC2C1NCN2[C@@H]1O[C@H](CO[PH](O)(O)O[PH](O)(O)O[PH](O)(O)O)[C@@H](O)[C@H]1O,521.29,-6.35,284.34,13,18,18,0,7,61,31,5.582370097,3215.956273,13441.21926,15832.84407,47.72777356,2.76E-18,0.115058687,-0.378277728,0.212239272,641.1028891,488.1438987,152.9589904,67.16895,ATP_A109_ligand.pdb,ATP_A109_ligand.html,106,3.61,0.305832457,542,5.171556429,0.55985359,11,38,0,558.9027279,4.51132442,5,A:6 ;A:7 ;A:8 ;A:47 ;A:48 ,4,-9.02
6U89_cleaned.pdb,A,TG_A101,4,2,1,0,1,25,0,1106.7,6.14,22.33,4.17,0.36,1,22,0.06,1.37,A,TG,101,NC1NC2C(NCN2[C@@H]2OC[C@H](O[PH](O)(O)O)[C@H]2O)[C@@H](O)N1,343.28,-5.21,184.96,9,12,9,0,7,44,22,4.216524888,3109.263867,3530.631364,5566.404724,47.76426001,9.71E-18,0.18046055,-0.393569189,0.212314987,457.4411811,347.6499559,109.7912252,88.127456,TG_A101_ligand.pdb,TG_A101_ligand.html,38,3.65,0.218840425,145,5.048797022,0.58134745,1,19,0,194.7076086,4.867590402,1,A:7 ,1,-8.04
6UBU_cleaned.pdb,B,GUN_B111,67,17,17,17,16,50.75,-21.3,10843.65,18.9,195.28,50.72,0.31,9,186,0.52,2.41,B,GUN,111,NC1NC(O)C2NCNC2N1,159.19,-3.42,94.37,6,6,2,0,4,24,11,2.252608018,285.4002992,532.4704479,797.6971467,3.254220699,4.63E-18,0.177415133,-0.376738335,0.212314985,124.1268404,86.07664728,38.05019316,256.0046792,GUN_B111_ligand.pdb,GUN_B111_ligand.html,290,4.18,0.577713599,410,5.134030236,0.557276296,20,34,0,172.8199042,0.53643532,9,B:21 ;B:22 ;B:47 ;B:50 ;B:51 ;B:52 ;B:73 ;B:74 ;B:75 ,4,-11.32
6VUI_cleaned.pdb,A,PRF_A101,33,12,9,7,5,48.49,-5.9,5720.08,13.21,69.72,29.02,0.18,11,354,0.65,3.08,A,PRF,101,NCC1CNC2NC(N)NC(O)C12,187.25,-3.14,108.36,6,6,4,0,5,30,13,2.552289251,336.1285328,898.0168759,1205.376073,4.743713871,4.63E-19,0.161981871,-0.378102306,0.21224569,213.6398927,43.63472715,170.0051655,26.64217794,PRF_A101_ligand.pdb,PRF_A101_ligand.html,304,4.14,0.50465859,402,5.083857048,0.577735157,14,47,0,279.2705533,2.000758069,11,A:5 ;A:6 ;A:7 ;A:11 ;A:14 ;A:15 ;A:16 ;A:27 ;A:28 ;A:29 ;A:30 ,5,-9.39
6WQQ_cleaned.pdb,1,RD8_13001,2698,753,553,800,592,50.15,-931.8,387924.16,64.67,386.38,683.07,0.03,10,212,0.19,2.34,1,RD8,3001,CC(O)NC[C@H]1CN(C2CCC(C3CCC(CNCC4CNNN4)CC3)C(F)C2)C(O)O1,458.62,-0.23,113.08,7,9,12,0,7,75,32,5.804420677,1831.996224,14221.9271,14849.28627,27.24768777,5.18E-18,0.126215561,-0.378916137,0.216290339,360.6585414,116.2263151,244.4322263,567.5241647,RD8_13001_ligand.pdb,RD8_13001_ligand.html,344,4.33,0.46828653,701,5.167417049,0.559006642,4,55,10,287.3907649,3.361742634,10,1:2088 ;1:2089 ;1:2478 ;1:2479 ;1:2530 ;1:2531 ;1:2532 ;1:2533 ;1:2611 ;1:2612 ,6,-12.32
6WZR_cleaned.pdb,A,UG1_A106,64,19,13,18,14,48.44,-11.6,10744.01,18.68,186.68,8.09,0.29,8,171,0.65,3.56,A,UG1,106,NC(O)C1NCN(C2CCNCC2)C1N,215.3,-2.47,99.57,5,6,5,0,3,36,15,3.01577714,300.6875472,1713.890362,1901.709283,7.118976115,-4.63E-18,0.148328471,-0.377058033,0.21230226,170.1714691,84.71008475,85.46138437,280.8938593,UG1_A106_ligand.pdb,UG1_A106_ligand.html,334,4.11,0.536888187,412,5.052677541,0.585071637,15,64,0,216.1124944,1.70889601,8,A:15 ;A:16 ;A:17 ;A:34 ;A:35 ;A:63 ;A:70 ;A:71 ,6,-10.98
6XKN_cleaned.pdb,A,PRF_A201,95,18,29,29,19,61.05,-34.1,17289.32,26.8,154.67,291.26,0.17,8,253,0.77,3.29,A,PRF,201,NCC1CNC2NC(N)NC(O)C12,187.25,-3.14,108.36,6,6,4,0,5,30,13,2.441705241,379.8765564,752.5898071,1100.238585,3.732066717,4.63E-19,0.161981871,-0.378102306,0.21224569,204.3099208,43.73760337,160.5723174,104.7810321,PRF_A201_ligand.pdb,PRF_A201_ligand.html,289,4.17,0.498475529,415,5.063618318,0.59239712,16,48,0,255.4962034,1.297015188,8,A:6 ;A:7 ;A:8 ;A:16 ;A:17 ;A:18 ;A:84 ;A:85 ,4,-7.29
6XKO_cleaned.pdb,A,PRF_A201,94,18,29,29,18,61.7,-33.6,17155.94,27.08,197.1,273.95,0.18,8,254,0.73,2.8,A,PRF,201,NCC1CNC2NC(N)NC(O)C12,187.25,-3.14,108.36,6,6,4,0,5,30,13,2.470372787,385.0075787,773.8804395,1126.552134,3.787701371,4.63E-19,0.161981871,-0.378102306,0.21224569,211.3538022,41.58810062,169.7657016,22.8888336,PRF_A201_ligand.pdb,PRF_A201_ligand.html,286,4.2,0.500266871,422,5.094421047,0.589568445,15,38,0,261.4954845,1.596996354,8,A:6 ;A:7 ;A:8 ;A:16 ;A:17 ;A:18 ;A:84 ;A:85 ,4,-7.76
7D7W_cleaned.pdb,A,NAD_A102,51,13,16,15,7,60.78,-19.89999962,9136.61,18.67,203.44,42.19,0.35,7,150,0.54,3.37,A,NAD,102,NC(O)C1CCCN([C@@H]2O[C@H](CO[PH](O)(O)O[PH](O)(O)OC[C@H]3O[C@@H](N4CNC5C(N)NCNC54)[C@H](O)[C@@H]3O)[C@@H](O)[C@H]2O)C1,683.59,-7.3,322.83,14,21,22,0,13,91,44,7.118074075,4553.068936,31462.49879,33255.31199,80.68732471,4.51E-18,0.2013856,-0.376738335,0.212314985,872.6353265,552.0916071,320.5437194,198.6532,NAD_A102_ligand.pdb,NAD_A102_ligand.html,111,3.62,0.293846041,612,5.177246582,0.561876474,10,41,0,650.819937,6.299566647,6,A:6 ;A:7 ;A:8 ;A:13 ;A:47 ;A:48 ,4,-5.31
7D7X_cleaned.pdb,A,ADP_A110,51,13,16,15,7,60.78,-19.89999962,9061.24,18.67,204.23,42.34,0.35,6,130,0.57,3.48,A,ADP,110,NC1NCNC2C1NCN2[C@@H]1O[C@H](CO[PH](O)(O)O[PH](O)(O)O)[C@@H](O)[C@H]1O,439.3,-5.76,234.65,11,15,14,0,7,54,27,5.294044357,1834.7587,10946.64713,11842.97743,73.63199503,4.88E-19,0.17963415,-0.378102306,0.21224569,570.2147308,434.359753,135.8549778,244.6875,ADP_A110_ligand.pdb,ADP_A110_ligand.html,105,3.61,0.294105017,521,5.145338042,0.560580461,10,44,0,533.0906697,3.789234492,5,A:6 ;A:7 ;A:8 ;A:47 ;A:48 ,4,-5.48
7D7Y_cleaned.pdb,A,ATP_A102,51,13,16,15,7,60.78,-19.89999962,9125.08,18.72,205.15,41.7,0.35,6,130,0.5,2.49,A,ATP,102,NC1NCNC2C1NCN2[C@@H]1O[C@H](CO[PH](O)(O)O[PH](O)(O)O[PH](O)(O)O)[C@@H](O)[C@H]1O,521.29,-6.35,284.34,13,18,18,0,7,61,31,6.047171795,2144.645895,17403.7459,18577.26512,102.9566465,5.18E-18,0.1317425,-0.378916137,0.216290339,634.8621856,488.2614267,146.6007589,188.9674,ATP_A102_ligand.pdb,ATP_A102_ligand.html,100,3.6,0.309916326,549,5.157815862,0.564375631,15,42,0,549.3604608,4.685894756,5,A:6 ;A:7 ;A:8 ;A:47 ;A:48 ,4,-5.52
7E9I_cleaned.pdb,A,J0C_A101,33,12,9,7,5,48.49,-5.9,5247.99,13.07,76.16,25.7,0.22,13,261,0.43,3.05,A,J0C,101,CCCCC1(CCNCC2CNC3NC(N)NC(O)C23)NN1,313.45,-2.12,138.25,8,8,11,0,7,53,22,4.135795875,1089.175863,4611.749316,5022.078654,12.8763942,1.57E-18,0.133747968,-0.378102305,0.21224569,263.945984,117.1034011,146.842583,172.1359376,J0C_A101_ligand.pdb,J0C_A101_ligand.html,373,4.18,0.538455793,518,5.092075109,0.576170778,18,53,0,267.3945705,2.843013298,13,A:4 ;A:5 ;A:6 ;A:7 ;A:11 ;A:12 ;A:13 ;A:14 ;A:15 ;A:16 ;A:28 ;A:29 ;A:30 ,5,-9.89
7EOI_cleaned.pdb,A,J8F_A101,49,4,18,19,8,75.51,-25.4,8497.65,17.46,165.35,27.69,0.3,8,169,0.24,2.4,A,J8F,101,CN(CCO)C1CCC(CC(CN)C2CCC(CN)CC2)CC1,325.54,2.2,75.51,3,4,12,0,1,62,23,4.753871775,872.8759683,6618.088892,7223.030531,16.69466759,2.69E-18,0.101218723,-0.39504458,0.210103351,269.2798141,57.88921967,211.3905944,319.0020556,J8F_A101_ligand.pdb,J8F_A101_ligand.html,498,4.23,0.478417482,705,5.055205992,0.578661908,2,140,0,374.3044729,1.376816915,8,A:8 ;A:9 ;A:10 ;A:33 ;A:40 ;A:41 ;A:42 ;A:43 ,7,-9.49
7S1H_cleaned.pdb,I,ZLD_I3114,2874,758,634,906,576,53.58,-1070,396663.1,67.07,480.35,658.56,0.03,10,321,0.53,2.72,I,ZLD,3114,CC(O)NC[C@H]1CN(C2CCC(N3CCOCC3)C(F)C2)C(O)O1,347.43,-0.52,77.43,3,7,8,0,6,54,24,4.01920676,1046.037909,5006.045939,5172.732866,11.76172407,5.14E-18,0.14184594,-0.378916137,0.216290352,410.6441079,69.75484131,340.8892666,407.5985214,ZLD_I3114_ligand.pdb,ZLD_I3114_ligand.html,268,4.23,0.531088577,487,5.14312617,0.555400569,6,45,8,378.6352,5.442260108,10,I:2061 ;I:2447 ;I:2451 ;I:2452 ;I:2505 ;I:2506 ;I:2507 ;I:2573 ;I:2585 ;I:2602 ,1,-6.88
7TD7_cleaned.pdb,A,VIB_A104,78,19,20,25,14,57.69,-24.8,11974.62,19.91,188.17,58.82,0.24,11,237,0.51,2.63,A,VIB,104,CC1NCC(CN2CSC(CCO)C2C)C(N)N1,274.43,-0.43,73.55,4,6,8,0,5,44,18,3.606119941,548.8704869,3202.807631,3385.856805,10.46385427,0,0.125467945,-0.396332965,0.210037466,216.937945,65.78138171,151.1565633,194.6474065,VIB_A104_ligand.pdb,VIB_A104_ligand.html,246,4.3,0.484110284,425,5.136922655,0.575979142,3,38,0,184.6871493,2.373604201,11,A:19 ;A:20 ;A:39 ;A:40 ;A:42 ;A:43 ;A:57 ;A:58 ;A:72 ;A:73 ;A:78 ,7,-10.5
7TDA_cleaned.pdb,A,TPP_A201,79,18,20,25,16,56.96,-24.10000038,12281.17,19.72,179.33,63.2,0.23,16,345,0.59,3.04,A,TPP,201,CC1NCC(CN2CSC(CCO[PH](O)(O)O[PH](O)(O)O)C2C)C(N)N1,438.42,-1.61,172.93,8,12,16,0,5,58,26,5.175768511,1097.27102,11124.87938,11267.36212,36.05688312,4.58E-18,0.17886374,-0.376738335,0.212314985,605.8959445,305.6894866,300.2064579,200.8965,TPP_A201_ligand.pdb,TPP_A201_ligand.html,121,3.61,0.287717387,541,5.168401797,0.573050879,11,42,22,774.7899118,2.700074783,12,A:19 ;A:20 ;A:39 ;A:40 ;A:42 ;A:43 ;A:57 ;A:58 ;A:72 ;A:73 ;A:77 ;A:78 ,8,-9.51
7TDB_cleaned.pdb,A,GMI_A101,79,18,20,25,16,56.96,-24.10000038,12262.52,19.73,181.59,62.72,0.24,14,302,0.58,3.39,A,GMI,101,CC1NCC(CN2CSC(CCO[PH](C)(O)O)C2C)C(N)N1.OP(O)O,436.45,-1.1,163.7,8,11,15,0,5,60,26,4.992572612,1349.603353,9995.390294,10412.82054,26.7800617,4.63E-19,0.1697432,-0.378102306,0.21224569,607.861171,303.178129,304.683042,299.6374,GMI_A101_ligand.pdb,GMI_A101_ligand.html,126,3.6,0.300328638,529,5.10852105,0.561008381,15,56,44,799.337452,2.61139128,11,A:19 ;A:20 ;A:40 ;A:42 ;A:43 ;A:57 ;A:58 ;A:72 ;A:73 ;A:77 ;A:78 ,8,-11.58
1FG0_cleaned.pdb,A,PPU_B76,496,115,123,159,99,56.86,-214.8,76059.11,48.19,836.7,508.62,0.17,14,295,0.54,3.33,A,,,,,,,,,,,,,,,,,,,,,,,,,,,,,,,,,,,,,,,,,,,-7.53
